"commune","code_INSEE","surface_parcourue_m2","annee","mois","jour","heure","nature_inc_prim","nature_inc_sec"
"Saint-Haon","43192",72000,2012,"Feb",28,13,"Involontaire","particulier"
"Laroquevieille","15095",150000,2012,"Feb",29,13,"Involontaire","travaux"
"Saint-Paul-de-Salers","15205",300000,2012,"Mar",2,13,"Involontaire","particulier"
"Saint-Flour","15187",70000,2012,"Mar",2,13,"Involontaire","particulier"
"Cassaniouze","15029",80000,2012,"Mar",8,11,"Involontaire","particulier"
"Soulages","15229",50000,2012,"Mar",14,19,"Accidentelle",NA
"Fayet","12099",75000,2012,"Mar",1,16,"Involontaire","particulier"
"Saint-Parthem","12240",75000,2012,"Mar",2,14,"Involontaire","particulier"
"Champs-sur-Tarentaine-Marchal","15038",180000,2012,"Mar",16,13,"Malveillance",NA
"Auzers","15015",50000,2012,"Mar",17,8,"Accidentelle",NA
"Crémieu","38138",50000,2012,"Mar",2,16,"Malveillance",NA
"Alligny-en-Morvan","58003",70000,2012,"Mar",27,21,"Involontaire","travaux"
"Espalion","12096",50000,2012,"Mar",23,19,"Involontaire","particulier"
"Montagnol","12147",50000,2012,"Mar",14,15,"Involontaire","particulier"
"Roumégoux","15166",50000,2012,"Mar",28,13,"Involontaire","travaux"
"Jussac","15083",60000,2012,"Mar",29,15,"Involontaire","travaux"
"Varacieux","38523",50000,2012,"Mar",26,11,"Malveillance",NA
"Livinhac-le-Haut","12130",650000,2012,"Mar",28,12,"Involontaire","particulier"
"Saint-Poncy","15207",100000,2012,"Apr",2,15,"Involontaire","travaux"
"Saint-Denis","97411",150000,2012,"Sep",16,11,"Malveillance",NA
"Saint-Denis","97411",85000,2012,"Oct",27,11,"Malveillance",NA
"Mimizan","40184",162907,2012,"Aug",16,15,"Accidentelle",NA
"Beylongue","40040",153000,2012,"Feb",28,14,"Involontaire","particulier"
"Pompéjac","33329",119800,2012,"Sep",20,16,"Involontaire","travaux"
"Touvérac","16384",50000,2012,"Jun",25,2,"Accidentelle",NA
"Rosis","34235",74000,2012,"Feb",22,21,"Malveillance",NA
"Murviel-lès-Béziers","34178",83300,2012,"Feb",20,15,"Malveillance",NA
"Prunelli-di-Fiumorbo","2B251",200000,2012,"Jan",6,12,"Malveillance",NA
"Gigors","4093",182000,2012,"Feb",19,13,"Involontaire","particulier"
"Estavar","66072",50000,2012,"Feb",29,15,"Involontaire","travaux"
"Concoules","30090",102800,2012,"Feb",9,12,"Involontaire","particulier"
"Rochessauve","7194",86000,2012,"Mar",2,17,"Involontaire","travaux"
"Labatie-d'Andaure","7114",120000,2012,"Mar",3,10,"Involontaire","travaux"
"Saint-Laurent-sous-Coiron","7263",166000,2012,"Mar",3,14,"Involontaire","travaux"
"Usclas-du-Bosc","34316",55000,2012,"Feb",23,15,"Involontaire","travaux"
"Aumelas","34016",150000,2012,"Mar",8,7,"Malveillance",NA
"Saint-Privat","34286",100000,2012,"Mar",10,14,"Malveillance",NA
"Villeveyrac","34341",101100,2012,"Mar",9,15,"Involontaire","travaux"
"Valbelle","4229",68000,2012,"Feb",23,12,"Involontaire","travaux"
"Montlaur","11251",64200,2012,"Feb",29,13,"Involontaire","travaux"
"Loupian","34143",320000,2012,"Mar",8,14,"Accidentelle",NA
"Saint-Privat","34286",190200,2012,"Mar",10,14,"Malveillance",NA
"Sablières","7202",450000,2012,"Mar",15,15,"Involontaire","particulier"
"Laveyrune","7136",76000,2012,"Mar",15,17,"Involontaire","travaux"
"Clans","6042",518181,2012,"Jan",17,13,"Involontaire","travaux"
"Saint-Auban","6116",120500,2012,"Mar",16,10,"Involontaire","travaux"
"Calenzana","2B049",50000,2012,"Mar",11,17,"Malveillance",NA
"Prévenchères","48119",50000,2012,"Feb",21,14,"Involontaire","travaux"
"Saint-Laurent-de-Cerdans","66179",70000,2012,"Mar",24,13,"Involontaire","travaux"
"Banyuls-sur-Mer","66016",50000,2012,"Mar",25,12,"Involontaire","travaux"
"Burzet","7045",590000,2012,"Mar",27,16,"Malveillance",NA
"Chanousse","5033",223300,2012,"Mar",11,13,"Involontaire","particulier"
"Mayres","7153",114000,2012,"Mar",28,20,"Malveillance",NA
"Niort-de-Sault","11265",53200,2012,"Mar",29,13,"Malveillance",NA
"Aups","83007",50000,2012,"Mar",28,17,"Involontaire","travaux"
"Bédouès","48022",60000,2012,"Mar",16,15,"Involontaire","travaux"
"Moissac-Vallée-Française","48097",50000,2012,"Mar",1,11,"Involontaire","travaux"
"Salle-Prunet (La)","48186",60000,2012,"Feb",26,14,"Involontaire","particulier"
"Calvisson","30062",70606,2012,"Apr",2,14,"Malveillance",NA
"Castellane","4039",50000,2012,"Feb",29,15,"Involontaire","travaux"
"Saint-Martin","83114",60475,2012,"May",5,17,"Naturelle",NA
"Montferrier-sur-Lez","34169",76600,2012,"May",13,15,"Involontaire","particulier"
"Malarce-sur-la-Thines","7147",80000,2012,"May",17,18,"Naturelle",NA
"Tavera","2A324",153000,2012,"Mar",10,13,"Malveillance",NA
"Lecci","2A139",147300,2012,"Mar",10,14,"Involontaire","particulier"
"Corte","2B096",70000,2012,"Jun",13,13,"Malveillance",NA
"Castifao","2B080",260200,2012,"Jul",1,11,"Accidentelle",NA
"Terrats","66207",100000,2012,"Jun",25,14,"Accidentelle",NA
"Corbère-les-Cabanes","66056",50000,2012,"Jun",25,14,"Accidentelle",NA
"Ille-sur-Têt","66088",70000,2012,"Jun",25,17,"Involontaire","particulier"
"Canari","2B058",50000,2012,"Jun",23,15,"Involontaire","travaux"
"Villespassans","34339",140000,2012,"Jun",23,14,"Involontaire","particulier"
"Vinon-sur-Verdon","83150",50000,2012,"Jul",11,14,"Involontaire","travaux"
"Oletta","2B185",60000,2012,"Jul",12,10,"Malveillance",NA
"Castello-di-Rostino","2B079",185100,2012,"Jul",13,12,"Malveillance",NA
"Favalello","2B110",150067,2012,"Jul",13,13,"Malveillance",NA
"Conilhac-de-la-Montagne","11097",267000,2012,"Jul",13,15,"Involontaire","travaux"
"Angles (Les)","66004",300000,2012,"Jul",4,10,"Naturelle",NA
"Bompas","66021",100000,2012,"Jul",16,13,"Involontaire","travaux"
"Feliceto","2B112",650000,2012,"Jul",15,19,"Malveillance",NA
"Trausse","11396",672258,2012,"Jul",19,11,"Involontaire","travaux"
"Carcassonne","11069",95300,2012,"Jul",21,17,"Malveillance",NA
"Digne-les-Bains","4070",50000,2012,"Jun",22,14,"Involontaire","particulier"
"Oletta","2B185",59000,2012,"Jul",25,16,"Malveillance",NA
"Bousquet-d'Orb (Le)","34038",130000,2012,"Feb",8,16,"Involontaire","particulier"
"Grandrieu","48070",350000,2012,"Apr",28,18,"Accidentelle",NA
"Oletta","2B185",60000,2012,"Jul",30,12,"Malveillance",NA
"Oletta","2B185",60000,2012,"Jul",30,15,"Malveillance",NA
"Calenzana","2B049",60000,2012,"Aug",4,15,"Malveillance",NA
"Orgon","13067",74000,2012,"Jul",16,18,"Malveillance",NA
"Aix-en-Provence","13001",180000,2012,"Jul",23,15,"Malveillance",NA
"Narbonne","11262",582300,2012,"Aug",9,16,"Accidentelle",NA
"Octon","34186",52000,2012,"Feb",21,20,"Involontaire","travaux"
"Peyriac-de-Mer","11285",71100,2012,"Aug",13,16,"Malveillance",NA
"Béziers","34032",54000,2012,"Jun",25,15,"Accidentelle",NA
"Oletta","2B185",90000,2012,"Aug",20,12,"Malveillance",NA
"Borne","7038",500000,2012,"Aug",21,17,"Naturelle",NA
"Malarce-sur-la-Thines","7147",80000,2012,"Aug",21,7,"Accidentelle",NA
"Saint-Étienne-Vallée-Française","48148",50000,2012,"Feb",15,15,"Involontaire","particulier"
"Perthus (Le)","66137",120000,2012,"Jul",22,13,"Malveillance",NA
"Montbazin","34165",414500,2012,"Aug",18,16,"Malveillance",NA
"Pia","66141",140000,2012,"Jul",28,16,"Accidentelle",NA
"Espira-de-l'Agly","66069",50000,2012,"Aug",12,4,"Malveillance",NA
"Puget-sur-Argens","83099",254000,2012,"Aug",31,14,"Involontaire","particulier"
"Causses-et-Veyran","34061",230000,2012,"Aug",28,1,"Malveillance",NA
"Calce","66030",50000,2012,"Aug",14,10,"Malveillance",NA
"Tresserre","66214",160000,2012,"Aug",17,13,"Accidentelle",NA
"Angoustrine-Villeneuve-des-Escaldes","66005",630000,2012,"Aug",24,13,"Involontaire","particulier"
"Ille-sur-Têt","66088",50000,2012,"Sep",10,2,"Malveillance",NA
"Villeneuve-de-la-Raho","66227",150000,2012,"Sep",13,20,"Accidentelle",NA
"Trèbes","11397",143800,2012,"Sep",14,13,"Involontaire","particulier"
"Porté-Puymorens","66147",50000,2012,"Jul",18,15,"Naturelle",NA
"Revest-du-Bion","4163",297000,2012,"Jul",18,18,"Involontaire","travaux"
"Puimichel","4156",264000,2012,"Jul",26,15,"Involontaire","travaux"
"Velaux","13112",320000,2012,"Sep",13,17,"Malveillance",NA
"Bruis","5024",400000,2012,"Aug",27,13,"Naturelle",NA
"Saint-Andéol-de-Vals","7210",70000,2012,"Feb",22,17,"Involontaire","particulier"
"Ajaccio","2A004",438000,2012,"Aug",31,16,"Malveillance",NA
"Ajaccio","2A004",50000,2012,"Sep",2,16,"Malveillance",NA
"Prats-de-Mollo-la-Preste","66150",90000,2012,"Nov",13,10,"Involontaire","travaux"
"Sainte-Marguerite-Lafigère","7266",230000,2012,"Feb",23,13,"Involontaire","particulier"
"Escarène (L')","6057",52400,2012,"Feb",20,13,"Involontaire","travaux"
"Plourivo","22233",200000,2013,"May",9,16,"Accidentelle",NA
"Clérac","17110",90000,2013,"Jun",3,13,"Accidentelle",NA
"Tauriac-de-Camarès","12275",120000,2013,"Jul",13,13,"Involontaire","travaux"
"Saint-Préjet-d'Allier","43220",124000,2013,"Sep",4,14,"Involontaire","particulier"
"Barrancoueu","65066",500000,2013,"Apr",14,14,"Involontaire","travaux"
"Caylus","82038",70000,2013,"Apr",17,16,"Accidentelle",NA
"Lapouyade","33230",344800,2013,"Mar",4,15,"Involontaire","travaux"
"Mazeyrolles","24263",220000,2013,"Mar",5,14,"Accidentelle",NA
"Le Soulié","34305",104300,2013,"Apr",25,15,"Involontaire","travaux"
"Belgodère","2B034",60000,2013,"Jun",23,16,"Involontaire","particulier"
"Vignale","2B350",60000,2013,"Jun",29,14,"Malveillance",NA
"Cerbère","66048",300000,2013,"Feb",3,16,"Accidentelle",NA
"Bayons","4023",153000,2013,"Mar",4,0,"Involontaire","travaux"
"Bayons","4023",87000,2013,"Mar",4,0,"Involontaire","travaux"
"Montegrosso","2B167",175800,2013,"Jul",12,11,"Malveillance",NA
"Beaucaire","30032",72745,2013,"Jul",17,13,"Accidentelle",NA
"Oletta","2B185",118300,2013,"Jul",25,11,"Malveillance",NA
"Prades-sur-Vernazobre","34218",58000,2013,"Jul",25,10,"Involontaire","travaux"
"Ghisonaccia","2B123",60000,2013,"Aug",2,15,"Malveillance",NA
"Oletta","2B185",144800,2013,"Aug",4,12,"Malveillance",NA
"Beaucaire","30032",62659,2013,"Jul",23,21,"Malveillance",NA
"Douzens","11122",153000,2013,"Aug",9,16,"Involontaire","particulier"
"Saint-Nazaire","66186",70000,2013,"Aug",10,13,"Malveillance",NA
"Ghisonaccia","2B123",60000,2013,"Aug",20,12,"Malveillance",NA
"Vignale","2B350",557600,2013,"Aug",20,11,"Malveillance",NA
"Patrimonio","2B205",99200,2013,"Aug",25,16,"Involontaire","travaux"
"Valmascle","34323",65200,2013,"Aug",27,18,"Malveillance",NA
"Beauvoisin","30033",146571,2013,"Sep",1,10,"Malveillance",NA
"Magalas","34147",78000,2013,"Sep",1,16,"Involontaire","particulier"
"Valle-di-Rostino","2B337",230500,2013,"Sep",4,14,"Malveillance",NA
"Tautavel","66205",190000,2013,"Aug",24,17,"Malveillance",NA
"Olmeta-di-Capocorso","2B187",50000,2013,"Sep",13,12,"Malveillance",NA
"Linguizzetta","2B143",80000,2013,"Sep",14,18,"Malveillance",NA
"Oletta","2B185",111400,2013,"Sep",17,7,"Malveillance",NA
"Saint-Florent","2B298",50000,2013,"Sep",17,7,"Malveillance",NA
"Oletta","2B185",60000,2013,"Sep",17,11,"Malveillance",NA
"Saint-Pargoire","34281",681500,2013,"Sep",20,5,"Malveillance",NA
"Les Vans","7334",300000,2013,"Sep",19,15,"Involontaire","travaux"
"Beaufort","34026",220000,2013,"Sep",19,18,"Malveillance",NA
"Ponteilla","66145",70000,2013,"Sep",20,3,"Involontaire","particulier"
"Narbonne","11262",916000,2013,"Sep",19,12,"Accidentelle",NA
"Olmeta-di-Tuda","2B188",87000,2013,"Oct",1,11,"Malveillance",NA
"Sorio","2B287",560000,2013,"Oct",4,10,"Malveillance",NA
"Banyuls-sur-Mer","66016",50000,2013,"Oct",9,10,"Involontaire","travaux"
"Montegrosso","2B167",60000,2013,"Oct",11,16,"Involontaire","particulier"
"Perpignan","66136",60000,2013,"Oct",23,14,"Malveillance",NA
"Allauch","13002",114000,2013,"Oct",22,19,"Malveillance",NA
"Calenzana","2B049",384300,2013,"Nov",3,12,"Malveillance",NA
"Olcani","2B184",156900,2013,"Nov",7,17,"Involontaire","travaux"
"Brando","2B043",191200,2013,"Nov",9,20,"Accidentelle",NA
"Ouveillan","11269",51800,2013,"Mar",15,10,"Involontaire","particulier"
"Saint-Thibéry","34289",78400,2013,"Nov",14,14,"Malveillance",NA
"Montesquieu","34168",54000,2013,"Nov",30,7,"Malveillance",NA
"Valdeblore","6153",57500,2013,"Dec",13,14,"Malveillance",NA
"Mouriès","13065",63000,2013,"Dec",6,18,"Accidentelle",NA
"Olmeta-di-Tuda","2B188",70000,2013,"Dec",31,14,"Malveillance",NA
"Tourves","83140",110000,2013,"Apr",13,14,"Involontaire","particulier"
"Thoard","4217",135600,2013,"Mar",4,13,"Involontaire","travaux"
"Fontpédrouse","66080",50000,2013,"Apr",23,11,"Involontaire","travaux"
"Ouzous","65352",150000,2014,"Mar",20,14,"Involontaire","travaux"
"Védrines-Saint-Loup","15251",60000,2014,"Mar",20,17,"Accidentelle",NA
"Paulhenc","15149",60000,2014,"Mar",20,19,"Involontaire","travaux"
"Blois","41018",50000,2014,"Sep",11,19,"Malveillance",NA
"Captieux","33095",270000,2014,"Aug",8,15,"Naturelle",NA
"Captieux","33095",1000000,2014,"Apr",23,16,"Involontaire","particulier"
"Labescau","33212",60000,2014,"Mar",11,12,"Involontaire","particulier"
"Biscarrosse","40046",105000,2014,"Oct",2,14,"Involontaire","travaux"
"Rivière-Saas-et-Gourby","40244",280000,2014,"Jun",28,15,"Involontaire","particulier"
"Lantosque","6074",700300,2014,"Mar",17,10,"Malveillance",NA
"Massoins","6082",172200,2014,"Apr",9,13,"Involontaire","particulier"
"Dourbies","30105",119728,2014,"Apr",7,23,"Malveillance",NA
"La Javie","4097",52000,2014,"Mar",18,14,"Involontaire","travaux"
"Salses-le-Château","66190",200000,2014,"Feb",13,19,"Involontaire","particulier"
"Causses-et-Veyran","34061",105000,2014,"Mar",30,12,"Involontaire","travaux"
"Minerve","34158",60000,2014,"Mar",15,8,"Malveillance",NA
"Cabrières","34045",81600,2014,"Apr",29,12,"Involontaire","particulier"
"Congénies","30091",294471,2014,"May",13,14,"Malveillance",NA
"Montouliers","34170",92000,2014,"Feb",23,14,"Involontaire","particulier"
"Pouzols-Minervois","11296",50714,2014,"May",30,12,"Involontaire","particulier"
"Barrettali","2B030",196367,2014,"May",24,16,"Malveillance",NA
"Ogliastro","2B183",305959,2014,"Jun",4,13,"Malveillance",NA
"Salses-le-Château","66190",60000,2014,"Jun",14,16,"Involontaire","particulier"
"Belgodère","2B034",184082,2014,"Jun",20,16,"Involontaire","travaux"
"Saint-Laurent-de-la-Cabrerisse","11351",57902,2014,"Jun",29,14,"Involontaire","particulier"
"Santo-Pietro-di-Tenda","2B314",683810,2014,"Jul",3,15,"Involontaire","travaux"
"Santo-Pietro-di-Tenda","2B314",352974,2014,"Jul",5,14,"Involontaire","travaux"
"Murviel-lès-Béziers","34178",77000,2014,"May",14,14,"Involontaire","particulier"
"Bassan","34025",51000,2014,"May",29,16,"Involontaire","travaux"
"Sartène","2A272",90000,2014,"Jun",28,14,"Involontaire","travaux"
"Calcatoggio","2A048",280000,2014,"Jun",28,14,"Malveillance",NA
"Biguglia","2B037",140500,2014,"Jul",22,13,"Involontaire","particulier"
"Siran","34302",122700,2014,"Aug",1,16,"Malveillance",NA
"Thueyts","7322",60000,2014,"Mar",12,16,"Malveillance",NA
"Morsiglia","2B170",60000,2014,"Mar",10,12,"Malveillance",NA
"Santa-Reparata-di-Balagna","2B316",95770,2014,"Aug",15,8,"Malveillance",NA
"Gigean","34113",365000,2014,"Jul",31,16,"Involontaire","particulier"
"Aizac","7003",50000,2014,"Mar",13,14,"Involontaire","particulier"
"Juvignac","34123",605000,2014,"May",13,11,"Involontaire","particulier"
"Sari-Solenzara","2A269",330000,2014,"Aug",15,16,"Involontaire","particulier"
"Villeveyrac","34341",68000,2014,"Aug",23,21,"Malveillance",NA
"Solaro","2B283",304678,2014,"Aug",15,16,"Involontaire","particulier"
"Siran","34302",195800,2014,"Aug",29,12,"Malveillance",NA
"Grabels","34116",70000,2014,"Aug",28,17,"Malveillance",NA
"Cessenon-sur-Orb","34074",230000,2014,"Aug",27,12,"Involontaire","particulier"
"Ghisonaccia","2B123",847798,2014,"Aug",15,16,"Malveillance",NA
"Mouthoumet","11260",50700,2014,"Sep",1,14,"Malveillance",NA
"Tressan","34313",52000,2014,"Sep",6,15,"Involontaire","particulier"
"Calcatoggio","2A048",61000,2014,"Aug",30,13,"Malveillance",NA
"Lecci","2A139",930000,2014,"Sep",1,2,"Malveillance",NA
"Castello-di-Rostino","2B079",174142,2014,"Sep",13,11,"Malveillance",NA
"Millas","66108",200000,2014,"Sep",17,17,"Involontaire","travaux"
"Quarante","34226",130000,2014,"Sep",26,13,"Involontaire","particulier"
"Quenza","2A254",160000,2014,"Sep",27,12,"Malveillance",NA
"Ajaccio","2A004",109000,2014,"Sep",28,18,"Malveillance",NA
"Calenzana","2B049",69664,2014,"Oct",5,18,"Malveillance",NA
"Sorio","2B287",98454,2014,"Oct",10,12,"Malveillance",NA
"Saint-Andéol-de-Vals","7210",300000,2014,"Mar",19,11,"Involontaire","travaux"
"Puisserguier","34225",58000,2014,"Oct",24,3,"Malveillance",NA
"Estavar","66072",100000,2014,"Mar",19,15,"Involontaire","travaux"
"Saorge","6132",78900,2014,"Dec",29,5,"Malveillance",NA
"Belvédère","6013",77400,2014,"Mar",19,15,"Malveillance",NA
"Saint-Maurice-de-Ventalon","48172",172000,2014,"Mar",18,14,"Involontaire","travaux"
"Cabrières","34045",75000,2014,"Mar",8,16,"Involontaire","travaux"
"Oupia","34190",77800,2014,"Mar",15,20,"Malveillance",NA
"Entraygues-sur-Truyère","12094",60000,2015,"Feb",10,14,"Involontaire","particulier"
"Saint-Hippolyte","12226",50000,2015,"Mar",11,13,"Involontaire","particulier"
"Cernon","39086",50000,2015,"Apr",12,13,"Accidentelle",NA
"Albi","81004",110000,2015,"Jul",3,13,"Naturelle",NA
"Saint-Maurice-la-Fougereuse","79280",208000,2015,"Jul",11,18,"Involontaire","travaux"
"Argentine","73019",190000,2015,"Apr",9,16,"Involontaire","travaux"
"Lay-Saint-Christophe","54305",120000,2015,"Apr",19,13,"Malveillance",NA
"Saizerais","54490",270000,2015,"Jul",23,15,"Involontaire","travaux"
"Massais","79168",140300,2015,"Aug",19,12,"Involontaire","travaux"
"Chevillon-sur-Huillard","45092",110000,2015,"Aug",2,18,"Malveillance",NA
"Liffré","35152",60000,2015,"Mar",23,14,"Involontaire","travaux"
"Andelaroche","3004",281000,2015,"Jul",16,15,"Involontaire","travaux"
"Queige","73211",150000,2015,"Jul",7,12,"Malveillance",NA
"Saint-Philippe","97417",164000,2015,"Oct",23,12,"Naturelle",NA
"Le Bignon-Mirabeau","45032",310000,2015,"Jul",16,14,"Involontaire","travaux"
"Arfeuilles","3006",50000,2015,"Jul",17,17,"Involontaire","particulier"
"Saint-Angel","3217",91300,2015,"Jul",21,15,"Involontaire","travaux"
"Naujac-sur-Mer","33300",190000,2015,"Jul",25,16,"Malveillance",NA
"Saint-Jean-d'Illac","33422",67000,2015,"Apr",25,9,"Accidentelle",NA
"Léognan","33238",70000,2015,"Apr",11,6,"Accidentelle",NA
"Lanton","33229",50000,2015,"Jul",2,7,"Naturelle",NA
"Castelnau-de-Médoc","33104",680000,2015,"Mar",17,16,"Accidentelle",NA
"Ychoux","40332",90000,2015,"Jul",28,14,"Involontaire","particulier"
"Luxey","40167",220000,2015,"Apr",30,16,"Involontaire","travaux"
"Lencouacq","40149",58000,2015,"Apr",15,12,"Involontaire","particulier"
"Châtillon-sur-Cher","41043",70000,2015,"Jul",1,14,"Naturelle",NA
"Maves","41130",110000,2015,"Jul",16,16,"Naturelle",NA
"Rahart","41186",50000,2015,"Jul",22,14,"Naturelle",NA
"Fontaine-les-Coteaux","41087",80000,2015,"Jul",10,12,"Naturelle",NA
"Véranne","42326",230000,2015,"Aug",31,13,"Malveillance",NA
"Ghisonaccia","2B123",103518,2015,"Jun",3,14,"Involontaire","particulier"
"Gruissan","11170",105836,2015,"Jun",7,15,"Involontaire","particulier"
"Tallone","2B320",322164,2015,"Jun",14,14,"Malveillance",NA
"Saint-Privat","34286",184500,2015,"Jun",28,15,"Involontaire","particulier"
"Vailhan","34319",710000,2015,"Jul",2,11,"Involontaire","particulier"
"Oletta","2B185",230000,2015,"Jul",1,11,"Malveillance",NA
"Pancheraccia","2B201",62321,2015,"Jul",2,12,"Involontaire","travaux"
"Toulaud","7323",151000,2015,"Jul",7,2,"Malveillance",NA
"Rieux-Minervois","11315",85400,2015,"Jun",27,10,"Malveillance",NA
"Talairan","11386",54934,2015,"Jul",8,4,"Malveillance",NA
"Linguizzetta","2B143",100350,2015,"Jul",7,13,"Malveillance",NA
"Alzonne","11009",163000,2015,"Jul",10,15,"Involontaire","travaux"
"Saint-Julien-Vocance","7258",50000,2015,"Jul",14,22,"Malveillance",NA
"Sorgues","84129",250000,2015,"Jul",12,18,"Malveillance",NA
"Castello-di-Rostino","2B079",125400,2015,"Jul",10,12,"Malveillance",NA
"Moussoulens","11259",299200,2015,"Jul",13,14,"Involontaire","particulier"
"Canavaggia","2B059",52292,2015,"Jul",19,16,"Malveillance",NA
"Saint-May","26318",60000,2015,"Jul",11,14,"Involontaire","particulier"
"Fontès","34103",86200,2015,"Jul",12,2,"Malveillance",NA
"Agde","34003",70000,2015,"Jul",19,18,"Involontaire","particulier"
"Avène","34019",60150,2015,"Jul",20,12,"Involontaire","travaux"
"Neffiès","34181",92500,2015,"Feb",23,16,"Malveillance",NA
"Corscia","2B095",113588,2015,"Jul",28,1,"Malveillance",NA
"Speloncato","2B290",488130,2015,"Jul",25,22,"Malveillance",NA
"Oletta","2B185",78800,2015,"Jul",27,11,"Malveillance",NA
"Zilia","2B361",322405,2015,"Jul",30,10,"Accidentelle",NA
"Roujan","34237",78000,2015,"Jul",25,12,"Accidentelle",NA
"Saint-André-de-Valborgne","30231",934600,2015,"Jul",30,15,"Malveillance",NA
"Quézac","48122",56500,2015,"Jul",1,8,"Involontaire","travaux"
"Hures-la-Parade","48074",161000,2015,"Jul",31,15,"Involontaire","travaux"
"Saint-Bauzille-de-Montmel","34242",590000,2015,"Aug",8,14,"Accidentelle",NA
"Fréjus","83061",167300,2015,"Jul",27,13,"Malveillance",NA
"Felluns","66076",50000,2015,"Jun",25,16,"Involontaire","particulier"
"Tautavel","66205",80000,2015,"Jul",14,16,"Malveillance",NA
"Trévillach","66215",350000,2015,"Jul",20,16,"Malveillance",NA
"Corneilla-la-Rivière","66058",270000,2015,"Jul",21,11,"Accidentelle",NA
"Perpignan","66136",50000,2015,"Jul",28,17,"Malveillance",NA
"Tautavel","66205",60000,2015,"Jul",29,17,"Malveillance",NA
"Villelaure","84147",70000,2015,"Aug",6,19,"Involontaire","particulier"
"Castifao","2B080",56360,2015,"Aug",8,15,"Malveillance",NA
"Siran","34302",185000,2015,"Aug",12,13,"Malveillance",NA
"Calce","66030",82600,2015,"Aug",19,14,"Malveillance",NA
"Aubagne","13005",92700,2015,"Aug",17,16,"Malveillance",NA
"Bilia","2A038",50400,2015,"Aug",7,13,"Malveillance",NA
"Trévillach","66215",200000,2015,"Aug",20,13,"Malveillance",NA
"Azillanet","34020",61000,2015,"Aug",19,18,"Malveillance",NA
"Venaco","2B341",480000,2015,"Aug",17,14,"Involontaire","particulier"
"Argelès-sur-Mer","66008",141500,2015,"Jun",26,18,"Accidentelle",NA
"Laure-Minervois","11198",58800,2015,"Aug",18,19,"Accidentelle",NA
"Azille","11022",250700,2015,"Aug",26,15,"Malveillance",NA
"Opoul-Périllos","66127",80000,2015,"Sep",1,23,"Involontaire","particulier"
"Volpajola","2B355",194784,2015,"Sep",5,13,"Malveillance",NA
"Arquettes-en-Val","11016",187100,2015,"Sep",11,12,"Malveillance",NA
"Baixas","66014",80000,2015,"Mar",13,12,"Involontaire","travaux"
"Alzon","30009",90800,2015,"Mar",7,7,"Involontaire","travaux"
"Alzon","30009",61500,2015,"Mar",9,19,"Involontaire","travaux"
"Corte","2B096",115000,2015,"Sep",26,16,"Malveillance",NA
"Arzens","11018",52900,2015,"Sep",25,16,"Malveillance",NA
"La Brigue","6162",217500,2015,"Mar",12,9,"Involontaire","travaux"
"Peyriac-de-Mer","11285",55873,2015,"Oct",16,14,"Accidentelle",NA
"Paziols","11276",50802,2015,"Oct",16,15,"Involontaire","travaux"
"Villespassans","34339",121500,2015,"Jan",11,14,"Malveillance",NA
"Labastide-sur-Bésorgues","7112",380000,2015,"Nov",20,13,"Involontaire","particulier"
"Bastelica","2A031",339000,2015,"Aug",30,12,"Malveillance",NA
"Le Pont-de-Montvert","48116",648000,2015,"Mar",11,12,"Involontaire","travaux"
"Bédouès","48022",138000,2015,"Mar",9,13,"Involontaire","travaux"
"Saint-Pierre","4194",204800,2015,"Apr",1,12,"Involontaire","particulier"
"Lantosque","6074",178700,2015,"Apr",2,12,"Malveillance",NA
"Roquebillière","6103",387400,2015,"Apr",3,17,"Malveillance",NA
"Saint-Pierreville","7286",300000,2015,"Apr",10,11,"Involontaire","travaux"
"Valle-di-Rostino","2B337",53361,2015,"Apr",13,13,"Involontaire","travaux"
"Lantosque","6074",73100,2015,"Jan",4,12,"Malveillance",NA
"Lantosque","6074",82100,2015,"Jan",12,18,"Malveillance",NA
"Saorge","6132",89200,2015,"Apr",11,14,"Malveillance",NA
"Breil-sur-Roya","6023",59500,2015,"Apr",11,15,"Malveillance",NA
"Roquebillière","6103",102300,2015,"Apr",15,13,"Malveillance",NA
"Die","26113",73000,2015,"Mar",13,13,"Involontaire","particulier"
"Murasson","12163",200000,2016,"Feb",21,18,"Malveillance",NA
"Couvertoirade (La)","12082",70000,2016,"Jul",19,9,"Involontaire","travaux"
"Conques-en-Rouergue","12076",50000,2016,"Aug",15,16,"Accidentelle",NA
"Marcilhac-sur-Célé","46183",220000,2016,"Aug",16,21,"Naturelle",NA
"Saint-Laurent","18219",93300,2016,"Aug",11,16,"Accidentelle",NA
"Caucalières","81066",800000,2016,"Sep",5,15,"Accidentelle",NA
"Colméry","58081",80000,2016,"Aug",30,12,"Malveillance",NA
"Bedenac","17038",104100,2016,"Aug",16,18,"Malveillance",NA
"Bussac-Forêt","17074",52600,2016,"Sep",12,15,"Malveillance",NA
"Clérac","17110",220000,2016,"Sep",12,16,"Malveillance",NA
"Saint-Caprais-de-Lerm","47234",50050,2016,"Sep",13,19,"Involontaire","travaux"
"Martignas-sur-Jalle","33273",80000,2016,"Sep",8,15,"Accidentelle",NA
"Ogliastro","2B183",60000,2016,"Mar",31,12,"Malveillance",NA
"Sisco","2B281",200000,2016,"Apr",2,18,"Malveillance",NA
"Farinole","2B109",50000,2016,"Apr",1,21,"Malveillance",NA
"Touët-de-l'Escarène","6142",107161,2016,"Mar",26,14,"Involontaire","particulier"
"Cans et Cévennes","48166",104100,2016,"Mar",26,14,"Involontaire","particulier"
"Vialas","48194",151100,2016,"Mar",26,14,"Involontaire","travaux"
"Caumont-sur-Durance","84034",200000,2016,"Mar",23,12,"Malveillance",NA
"Puget-Rostang","6098",60324,2016,"Apr",12,10,"Involontaire","particulier"
"Lantosque","6074",131743,2016,"Apr",12,15,"Malveillance",NA
"Meria","2B159",83700,2016,"Apr",18,19,"Malveillance",NA
"San-Nicolao","2B313",90000,2016,"Apr",18,21,"Malveillance",NA
"Fontès","34103",140300,2016,"Apr",19,13,"Malveillance",NA
"Agel","34004",142600,2016,"May",5,12,"Involontaire","particulier"
"Sablières","7202",200000,2016,"Mar",15,17,"Involontaire","travaux"
"Lantosque","6074",62601,2016,"May",28,22,"Malveillance",NA
"Montblanc","34166",425000,2016,"Jun",27,15,"Involontaire","particulier"
"Laure-Minervois","11198",140300,2016,"Jun",30,17,"Malveillance",NA
"Corte","2B096",248000,2016,"Jun",27,14,"Involontaire","particulier"
"Planèzes","66143",600000,2016,"Jun",21,16,"Involontaire","travaux"
"Calce","66030",50000,2016,"Jun",25,11,"Malveillance",NA
"Calce","66030",200000,2016,"Jul",5,4,"Accidentelle",NA
"Pézilla-la-Rivière","66140",150000,2016,"Jul",5,12,"Accidentelle",NA
"Raissac-sur-Lampy","11308",144520,2016,"Jul",7,12,"Involontaire","travaux"
"Paraza","11273",185068,2016,"Jul",14,21,"Malveillance",NA
"Conques-sur-Orbiel","11099",829689,2016,"Jul",16,16,"Accidentelle",NA
"Hyères","83069",73000,2016,"Jul",14,18,"Involontaire","particulier"
"Garéoult","83064",75000,2016,"Jul",15,16,"Involontaire","particulier"
"Linguizzetta","2B143",80000,2016,"Jul",15,17,"Malveillance",NA
"Châteauneuf-les-Martigues","13026",1000000,2016,"Jul",13,21,"Malveillance",NA
"Martigues","13056",460000,2016,"Jul",15,19,"Malveillance",NA
"Béziers","34032",87000,2016,"Jul",13,12,"Involontaire","particulier"
"Puisserguier","34225",51500,2016,"Jul",19,14,"Accidentelle",NA
"Volpajola","2B355",464200,2016,"Jul",19,21,"Malveillance",NA
"Saint-Laurent-de-la-Salanque","66180",100000,2016,"Jul",13,14,"Involontaire","particulier"
"Estagel","66071",150000,2016,"Jul",16,15,"Malveillance",NA
"Fitou","11144",121304,2016,"Jul",17,19,"Involontaire","particulier"
"Altier","48004",229000,2016,"Apr",20,11,"Involontaire","particulier"
"Narbonne","11262",324079,2016,"Jan",15,22,"Malveillance",NA
"Lunel","34145",51700,2016,"Jun",27,14,"Accidentelle",NA
"Montarnaud","34163",127500,2016,"Jul",10,12,"Involontaire","particulier"
"Thézan-des-Corbières","11390",102861,2016,"Feb",5,16,"Involontaire","travaux"
"Tallone","2B320",51000,2016,"Aug",2,11,"Malveillance",NA
"Maraussan","34148",101700,2016,"Aug",5,14,"Malveillance",NA
"Aléria","2B009",66000,2016,"Aug",6,14,"Malveillance",NA
"Oletta","2B185",97300,2016,"Aug",7,10,"Malveillance",NA
"Maureillas-las-Illas","66106",400000,2016,"Jul",18,12,"Involontaire","particulier"
"Montmirat","30181",52692,2016,"Aug",10,13,"Malveillance",NA
"Laudun-l'Ardoise","30141",102268,2016,"Aug",11,16,"Involontaire","travaux"
"Generville","11162",74533,2016,"Aug",2,16,"Involontaire","travaux"
"Saint-Pons-de-Mauchiens","34285",287500,2016,"Aug",10,16,"Malveillance",NA
"Azille","11022",90908,2016,"Aug",10,20,"Malveillance",NA
"Rivesaltes","66164",500000,2016,"Jul",27,14,"Involontaire","particulier"
"Tautavel","66205",331900,2016,"Aug",1,17,"Malveillance",NA
"Torreilles","66212",150000,2016,"Aug",6,18,"Malveillance",NA
"Argelès-sur-Mer","66008",50000,2016,"Aug",13,15,"Malveillance",NA
"Fontcouverte","11148",211482,2016,"Aug",21,14,"Accidentelle",NA
"Saint-Papoul","11361",52980,2016,"Aug",21,16,"Involontaire","travaux"
"Prunelli-di-Fiumorbo","2B251",399600,2016,"Aug",8,13,"Malveillance",NA
"Aix-en-Provence","13001",414600,2016,"Aug",1,15,"Malveillance",NA
"Calce","66030",90000,2016,"Aug",22,8,"Malveillance",NA
"Martigues","13056",57600,2016,"Aug",1,19,"Malveillance",NA
"Coudoux","13118",50900,2016,"Aug",6,15,"Involontaire","particulier"
"Saint-Martin-de-Crau","13097",166400,2016,"Aug",6,22,"Malveillance",NA
"Erbajolo","2B105",80000,2016,"Aug",24,10,"Malveillance",NA
"Poggio-di-Venaco","2B238",340039,2016,"Aug",24,11,"Malveillance",NA
"Aléria","2B009",88000,2016,"Aug",26,12,"Malveillance",NA
"Corte","2B096",784900,2016,"Aug",22,14,"Malveillance",NA
"Lucciana","2B148",100135,2016,"Aug",25,14,"Malveillance",NA
"Focicchia","2B116",263500,2016,"Aug",25,14,"Malveillance",NA
"Caromb","84030",80000,2016,"Aug",27,16,"Malveillance",NA
"Lucciana","2B148",53500,2016,"Aug",26,11,"Involontaire","particulier"
"Cers","34073",67600,2016,"Sep",5,12,"Accidentelle",NA
"Peyriac-Minervois","11286",263087,2016,"Sep",5,23,"Malveillance",NA
"Villalier","11410",107055,2016,"Sep",7,15,"Involontaire","particulier"
"Calce","66030",80000,2016,"Sep",9,14,"Malveillance",NA
"Saint-Vincent-d'Olargues","34291",230800,2016,"Sep",11,1,"Malveillance",NA
"San-Gavino-d'Ampugnani","2B299",300000,2016,"Jan",11,20,"Involontaire","travaux"
"Castanet-le-Haut","34055",100000,2016,"Sep",23,10,"Involontaire","travaux"
"Castanet-le-Haut","34055",55000,2016,"Sep",24,8,"Involontaire","travaux"
"Cerbère","66048",150000,2016,"Mar",8,13,"Involontaire","travaux"
"Banyuls-sur-Mer","66016",77000,2016,"Sep",24,15,"Involontaire","particulier"
"Lento","2B140",98500,2016,"Sep",28,12,"Malveillance",NA
"Astet","7018",240000,2016,"Sep",24,22,"Malveillance",NA
"Sauto","66192",80000,2016,"Sep",28,14,"Involontaire","particulier"
"Rosis","34235",396200,2016,"Oct",10,13,"Malveillance",NA
"Savines-le-Lac","5164",60000,2016,"Dec",1,11,"Involontaire","particulier"
"Salses-le-Château","66190",535000,2016,"Oct",11,11,"Involontaire","travaux"
"Roquebillière","6103",323050,2016,"Dec",29,13,"Malveillance",NA
"Saint-Paul-sur-Ubaye","4193",81000,2016,"Dec",27,13,"Involontaire","particulier"
"Mandagout","30154",65079,2016,"Mar",24,11,"Involontaire","travaux"
"Milhaud","30169",85420,2016,"Sep",8,11,"Malveillance",NA
"Courmes","6049",72200,2016,"Mar",9,15,"Malveillance",NA
"Saint-Bérain","43171",100000,2017,"Feb",23,15,"Involontaire","particulier"
"Saint-François-Longchamp","73235",74700,2017,"Feb",23,16,"Involontaire","particulier"
"Nant","12168",100000,2017,"Mar",16,13,"Accidentelle",NA
"Prades","43155",50000,2017,"Aug",14,22,"Involontaire","particulier"
"Mazamet","81163",50000,2017,"Aug",29,23,"Malveillance",NA
"Brie","16061",150000,2017,"Jun",24,13,"Involontaire","travaux"
"Parzac","16255",70500,2017,"Jun",18,12,"Involontaire","travaux"
"Autruy-sur-Juine","45015",150000,2017,"Jul",21,13,"Involontaire","travaux"
"Saint-Benoît","97410",50000,2017,"Sep",16,9,"Malveillance",NA
"Verfeil","31573",100000,2017,"Jul",18,17,"Accidentelle",NA
"Boutx","31085",60000,2017,"Jan",7,13,"Involontaire","travaux"
"Gouaux-de-Luchon","31222",120000,2017,"Apr",22,16,"Accidentelle",NA
"Prunet","15156",60000,2017,"Apr",8,16,"Involontaire","travaux"
"Paulhenc","15149",60000,2017,"Apr",16,12,"Involontaire","travaux"
"Mandailles-Saint-Julien","15113",100000,2017,"Apr",24,16,"Involontaire","travaux"
"Saint-Paul","97415",96000,2017,"Nov",3,4,"Malveillance",NA
"Saint-Michel-de-Double","24465",55000,2017,"Apr",21,17,"Involontaire","travaux"
"Luxey","40167",60000,2017,"Feb",21,14,"Involontaire","particulier"
"Aucun","65045",300000,2017,"Mar",17,13,"Involontaire","travaux"
"Espira-de-l'Agly","66069",100000,2017,"Oct",12,12,"Involontaire","travaux"
"Banyuls-sur-Mer","66016",200000,2017,"Nov",6,11,"Accidentelle",NA
"Arbori","2A019",53000,2017,"Apr",1,19,"Malveillance",NA
"Tournefort","6146",151250,2017,"Apr",7,13,"Malveillance",NA
"Bonifacio","2A041",84300,2017,"Sep",13,22,"Accidentelle",NA
"Lucéram","6077",79300,2017,"Jan",6,11,"Involontaire","travaux"
"Mayres","7153",213000,2017,"Mar",21,17,"Malveillance",NA
"Château-Ville-Vieille","5038",233900,2017,"Apr",25,13,"Malveillance",NA
"Treschenu-Creyers","26354",55000,2017,"Apr",24,12,"Involontaire","particulier"
"Lentillères","7141",124800,2017,"Apr",15,20,"Malveillance",NA
"Saint-Laurent-de-Muret","48165",60400,2017,"Feb",26,14,"Involontaire","travaux"
"Bassurels","48020",199000,2017,"Feb",26,15,"Involontaire","travaux"
"Notre-Dame-de-la-Rouvière","30190",239135,2017,"Apr",19,12,"Involontaire","travaux"
"Fos-sur-Mer","13039",53000,2017,"Jun",6,19,"Malveillance",NA
"Roujan","34237",185147,2017,"Jun",11,10,"Involontaire","particulier"
"Lantosque","6074",233030,2017,"Jan",13,17,"Malveillance",NA
"Vence","6157",61220,2017,"Jan",25,14,"Involontaire","travaux"
"Fontès","34103",67435,2017,"Jun",24,22,"Malveillance",NA
"Nissan-lez-Enserune","34183",80000,2017,"Jun",25,12,"Involontaire","particulier"
"Oletta","2B185",75000,2017,"Jun",24,11,"Malveillance",NA
"Fos-sur-Mer","13039",184270,2017,"Jun",24,15,"Malveillance",NA
"Lespignan","34135",80000,2017,"Jun",25,18,"Accidentelle",NA
"Ghisonaccia","2B123",280000,2017,"Jun",28,16,"Malveillance",NA
"Saint-Mitre-les-Remparts","13098",143400,2017,"Jun",30,16,"Malveillance",NA
"Ramatuelle","83101",156400,2017,"Jun",7,13,"Involontaire","travaux"
"Barles","4020",57500,2017,"Feb",16,11,"Involontaire","particulier"
"Pelvoux","5101",100300,2017,"Jan",5,13,"Involontaire","particulier"
"Vence","6157",342850,2017,"Jul",3,17,"Accidentelle",NA
"Pouzolles","34214",93500,2017,"Jul",6,12,"Malveillance",NA
"Puy-Saint-Eusèbe","5108",144800,2017,"Feb",23,15,"Involontaire","particulier"
"Collioure","66053",50000,2017,"Jun",19,18,"Involontaire","particulier"
"Santo-Pietro-di-Tenda","2B314",260000,2017,"Jul",6,15,"Accidentelle",NA
"Bessan","34031",62000,2017,"Jul",11,16,"Malveillance",NA
"Castello-di-Rostino","2B079",75000,2017,"Jul",17,11,"Malveillance",NA
"Speloncato","2B290",62000,2017,"Jul",17,13,"Malveillance",NA
"Volpajola","2B355",200000,2017,"Jul",17,14,"Involontaire","particulier"
"Aspiran","34013",71800,2017,"Jul",13,11,"Involontaire","travaux"
"Reillanne","4160",79300,2017,"Jul",18,14,"Involontaire","travaux"
"Montbel","48100",50000,2017,"Jan",7,15,"Involontaire","travaux"
"Coursegoules","6050",80370,2017,"Feb",21,14,"Malveillance",NA
"Cuttoli-Corticchiato","2A103",130000,2017,"Jun",22,14,"Involontaire","particulier"
"Ota","2A198",50000,2017,"Jul",8,10,"Malveillance",NA
"Tavaco","2A323",210000,2017,"Jul",8,12,"Malveillance",NA
"Venanson","6156",99010,2017,"Feb",26,10,"Involontaire","particulier"
"Pianottoli-Caldarello","2A215",51400,2017,"Jul",16,13,"Accidentelle",NA
"Aléria","2B009",613700,2017,"Jul",24,10,"Malveillance",NA
"Linguizzetta","2B143",382800,2017,"Jul",24,16,"Malveillance",NA
"Peynier","13072",964000,2017,"Jul",26,10,"Involontaire","particulier"
"Castagniers","6034",906980,2017,"Jul",17,14,"Involontaire","particulier"
"Saint-Vallier-de-Thiey","6130",154930,2017,"Jul",24,15,"Malveillance",NA
"Nîmes","30189",103558,2017,"Jul",25,14,"Malveillance",NA
"Villeneuve-lès-Avignon","30351",174628,2017,"Jul",26,14,"Malveillance",NA
"Barles","4020",577600,2017,"Feb",25,13,"Involontaire","particulier"
"Thorame-Basse","4218",84100,2017,"Feb",25,16,"Involontaire","travaux"
"Montblanc","34166",119550,2017,"Jul",24,12,"Malveillance",NA
"Peyrestortes","66138",70000,2017,"Jul",17,14,"Malveillance",NA
"Boulou (Le)","66024",60000,2017,"Jul",18,17,"Involontaire","particulier"
"Istres","13047",58200,2017,"Jul",31,15,"Malveillance",NA
"Grabels","34116",68876,2017,"Jul",28,14,"Malveillance",NA
"Aix-en-Provence","13001",138100,2017,"Aug",1,14,"Involontaire","particulier"
"Istres","13047",725200,2017,"Aug",1,14,"Malveillance",NA
"Ballons","26022",120000,2017,"Jul",17,15,"Involontaire","travaux"
"Propriano","2A249",160000,2017,"Jul",25,10,"Malveillance",NA
"Appietto","2A017",610000,2017,"Aug",2,12,"Malveillance",NA
"Afa","2A001",57635,2017,"Aug",2,13,"Malveillance",NA
"Ajaccio","2A004",50000,2017,"Aug",4,11,"Involontaire","particulier"
"Neffiès","34181",57370,2017,"Aug",5,17,"Involontaire","particulier"
"Osséja","66130",50000,2017,"Feb",16,16,"Involontaire","travaux"
"Amélie-les-Bains-Palalda","66003",50000,2017,"Feb",22,14,"Malveillance",NA
"Saint-Tropez","83119",70000,2017,"Jul",24,21,"Involontaire","particulier"
"Port-de-Bouc","13077",336300,2017,"Aug",10,18,"Malveillance",NA
"Ghisonaccia","2B123",150000,2017,"Mar",7,12,"Malveillance",NA
"Chusclan","30081",194649,2017,"Aug",12,12,"Involontaire","travaux"
"Rigaud","6101",89033,2017,"Aug",3,11,"Involontaire","travaux"
"Saint-Gilles","30258",100000,2017,"Aug",15,16,"Involontaire","travaux"
"Serra-di-Fiumorbo","2B277",50000,2017,"Aug",11,11,"Malveillance",NA
"Saint-Joseph-des-Bancs","7251",96000,2017,"Jan",7,15,"Malveillance",NA
"Ceyras","34076",74920,2017,"Aug",20,19,"Malveillance",NA
"Beaujeu","4024",216100,2017,"Feb",22,15,"Involontaire","travaux"
"Bisinchi","2B039",108333,2017,"Aug",21,12,"Malveillance",NA
"Rougon","4171",135600,2017,"Aug",11,8,"Accidentelle",NA
"Motte-d'Aigues (La)","84084",660000,2017,"Aug",11,17,"Malveillance",NA
"Gordes","84050",180300,2017,"Aug",13,16,"Accidentelle",NA
"Villeveyrac","34341",52321,2017,"Jan",21,23,"Involontaire","travaux"
"Digne-les-Bains","4070",115700,2017,"Aug",23,16,"Malveillance",NA
"Dourbies","30105",100000,2017,"Aug",29,12,"Malveillance",NA
"Fréjus","83061",347000,2017,"Sep",1,16,"Involontaire","particulier"
"Sant'Andréa-di-Bozio","2B292",210500,2017,"Sep",2,12,"Malveillance",NA
"Sant'Andréa-di-Bozio","2B292",255700,2017,"Sep",2,12,"Malveillance",NA
"Linguizzetta","2B143",400000,2017,"Sep",2,16,"Malveillance",NA
"Peypin","13073",108900,2017,"Sep",3,1,"Malveillance",NA
"Faugères","34096",70466,2017,"Sep",2,1,"Malveillance",NA
"Étables","7086",80000,2017,"Aug",26,17,"Involontaire","travaux"
"Donzère","26116",71000,2017,"Sep",6,14,"Involontaire","travaux"
"Vero","2A345",77000,2017,"Aug",17,14,"Malveillance",NA
"Lecci","2A139",110400,2017,"Aug",20,3,"Malveillance",NA
"Neffiès","34181",437143,2017,"Sep",6,18,"Malveillance",NA
"Marseille","13055",55000,2017,"Jul",24,15,"Malveillance",NA
"Coursegoules","6050",54150,2017,"Sep",17,10,"Involontaire","particulier"
"Lunel","34145",193045,2017,"Sep",11,15,"Involontaire","particulier"
"Rosis","34235",447964,2017,"Sep",12,18,"Malveillance",NA
"Castello-di-Rostino","2B079",99100,2017,"Sep",21,15,"Malveillance",NA
"Lucéram","6077",116600,2017,"Sep",20,19,"Naturelle",NA
"San-Gavino-di-Tenda","2B301",80000,2017,"Sep",26,12,"Malveillance",NA
"Trigance","83142",300000,2017,"Oct",8,14,"Accidentelle",NA
"Poujol-sur-Orb (Le)","34211",53170,2017,"Oct",5,14,"Involontaire","travaux"
"Saint-Pargoire","34281",846900,2017,"Oct",6,5,"Malveillance",NA
"Montouliers","34170",523700,2017,"Oct",7,13,"Involontaire","particulier"
"Gilette","6066",125140,2017,"Oct",7,6,"Involontaire","particulier"
"Poussan","34213",100530,2017,"Oct",8,16,"Involontaire","particulier"
"Focicchia","2B116",97000,2017,"Oct",17,15,"Malveillance",NA
"Annot","4008",208400,2017,"Sep",17,12,"Accidentelle",NA
"Peyroules","4148",120000,2017,"Sep",22,13,"Malveillance",NA
"Arzenc-de-Randon","48008",135000,2017,"Mar",16,11,"Involontaire","travaux"
"Val d'Oronaye","4120",767100,2017,"Oct",5,13,"Involontaire","travaux"
"Collias","30085",110000,2017,"Jun",23,16,"Accidentelle",NA
"Laviolle","7139",133000,2017,"Mar",18,14,"Involontaire","travaux"
"Fontvieille","13038",223600,2017,"Oct",24,15,"Involontaire","travaux"
"Bayons","4023",398600,2017,"Mar",17,11,"Involontaire","particulier"
"Noyers-sur-Jabron","4139",152300,2017,"Mar",17,19,"Involontaire","travaux"
"Establet","26123",68000,2017,"Oct",29,13,"Involontaire","particulier"
"Baixas","66014",180000,2017,"Aug",7,13,"Involontaire","travaux"
"Rousses","48130",168600,2017,"Aug",21,14,"Involontaire","particulier"
"Meyrueis","48096",147400,2017,"Aug",5,15,"Malveillance",NA
"Enveitg","66066",60000,2017,"Mar",15,17,"Involontaire","travaux"
"Bages","66011",350000,2017,"Sep",2,12,"Malveillance",NA
"Millas","66108",50000,2017,"Sep",5,14,"Involontaire","travaux"
"Conques-en-Rouergue","12076",120000,2018,"Feb",27,14,"Malveillance",NA
"Cronce","43082",76568,2018,"Apr",21,12,"Accidentelle",NA
"Livernon","46176",70000,2018,"Aug",6,12,"Accidentelle",NA
"Chéniers","23062",300000,2018,"Oct",6,14,"Accidentelle",NA
"Belmont-sur-Rance","12025",50000,2018,"Aug",9,11,"Involontaire","travaux"
"Saint-Izaire","12228",80000,2018,"Jul",9,16,"Involontaire","travaux"
"Rion-des-Landes","40243",78000,2018,"Sep",11,13,"Involontaire","travaux"
"Pujols","47215",80000,2018,"Mar",22,14,"Involontaire","particulier"
"Arcens","7012",50000,2018,"Apr",21,16,"Involontaire","travaux"
"Forcalqueiret","83059",110000,2018,"Apr",27,14,"Involontaire","particulier"
"Poussan","34213",113330,2018,"Jul",10,16,"Involontaire","particulier"
"Béziers","34032",90429,2018,"Jul",11,16,"Involontaire","particulier"
"Salses-le-Château","66190",100000,2018,"Jun",18,1,"Accidentelle",NA
"Campitello","2B055",100000,2018,"Jan",28,12,"Malveillance",NA
"Ghisonaccia","2B123",50000,2018,"Jan",2,15,"Malveillance",NA
"Boisset-et-Gaujac","30042",100023,2018,"Aug",4,17,"Malveillance",NA
"Montbazin","34165",153404,2018,"Aug",5,15,"Malveillance",NA
"Roquebrun","34232",50420,2018,"Aug",4,15,"Involontaire","particulier"
"Bosc (Le)","34036",58132,2018,"Aug",6,14,"Malveillance",NA
"Ghisonaccia","2B123",100700,2018,"Sep",1,13,"Malveillance",NA
"Aléria","2B009",90000,2018,"Sep",1,14,"Malveillance",NA
"Saint-Pargoire","34281",75019,2018,"Sep",14,5,"Malveillance",NA
"Sollacaro","2A284",50000,2018,"Apr",7,17,"Involontaire","particulier"
"Pennes-Mirabeau (Les)","13071",123300,2018,"Sep",23,6,"Accidentelle",NA
"Joncels","34121",257367,2018,"Sep",23,21,"Malveillance",NA
"Quarante","34226",119651,2018,"Sep",24,10,"Involontaire","particulier"
"Pompidou (Le)","48115",134700,2018,"Sep",25,15,"Involontaire","particulier"
"Taglio-Isolaccio","2B318",880000,2018,"Jan",3,21,"Accidentelle",NA
"Montbazin","34165",85968,2018,"Oct",2,21,"Malveillance",NA
"Montbazin","34165",359700,2018,"Oct",4,15,"Accidentelle",NA
"Vias","34332",507900,2018,"Oct",3,14,"Involontaire","travaux"
"Perpignan","66136",60000,2018,"Jul",8,16,"Involontaire","particulier"
"Salses-le-Château","66190",55000,2018,"Jul",11,13,"Involontaire","particulier"
"Villeneuve-la-Rivière","66228",59700,2018,"Jul",20,14,"Malveillance",NA
"Pancheraccia","2B201",70000,2018,"Jan",3,22,"Malveillance",NA
"Saint-Julien-d'Arpaon","48162",80000,2018,"Feb",24,20,"Involontaire","travaux"
"Elne","66065",60000,2018,"Sep",4,16,"Malveillance",NA
"Salses-le-Château","66190",150000,2018,"Sep",24,21,"Involontaire","particulier"
"Saint-Privat","34286",79210,2018,"Feb",25,14,"Involontaire","travaux"
"Pézènes-les-Mines","34200",121077,2018,"Feb",26,20,"Malveillance",NA
"Fontan","6062",90000,2018,"Mar",25,15,"Involontaire","particulier"
"Lantosque","6074",173400,2018,"Apr",19,19,"Malveillance",NA
"Crolles","38140",140000,2019,"Feb",15,13,"Accidentelle",NA
"Vescles","39557",50000,2019,"Feb",25,17,"Malveillance",NA
"Saint-Claude","39478",200000,2019,"Mar",27,14,"Involontaire","travaux"
"Lect","39289",75000,2019,"Mar",27,14,"Involontaire","travaux"
"Aurec-sur-Loire","43012",117175,2019,"Mar",30,17,"Involontaire","travaux"
"Auxey-Duresses","21037",95448,2019,"Apr",15,13,"Involontaire","travaux"
"Sireix","65428",1000000,2019,"Jan",4,8,"Involontaire","travaux"
"Arrens-Marsous","65032",100000,2019,"Mar",16,21,"Involontaire","travaux"
"Vouthon-Bas","55574",300000,2019,"Jul",22,17,"Involontaire","travaux"
"Mutigney","39377",110000,2019,"Jul",17,11,"Involontaire","travaux"
"Villeferry","21694",74900,2019,"Jul",25,11,"Involontaire","particulier"
"Griselles","21309",160000,2019,"Jul",17,13,"Involontaire","travaux"
"Foulain","52205",600000,2019,"Jul",25,15,"Involontaire","travaux"
"Grézillé","49154",90000,2019,"Aug",4,14,"Involontaire","particulier"
"Longué-Jumelles","49180",70000,2019,"Aug",14,12,"Involontaire","travaux"
"Cossaye","58087",86647,2019,"Jul",30,19,"Malveillance",NA
"Mauzac","31334",300000,2019,"Jul",19,13,"Involontaire","travaux"
"Revel","31451",50000,2019,"Aug",26,21,"Involontaire","particulier"
"Arfons","81016",120000,2019,"Sep",15,5,"Malveillance",NA
"La Courtine","23067",100000,2019,"Sep",16,16,"Accidentelle",NA
"La Courtine","23067",50000,2019,"Sep",21,14,"Accidentelle",NA
"Saint-Agnan","58226",97104,2019,"Sep",20,14,"Accidentelle",NA
"Druelle Balsac","12090",90000,2019,"Jul",12,15,"Involontaire","travaux"
"Loubigné","79153",200000,2019,"Jul",7,19,"Involontaire","travaux"
"Pirou","50403",400000,2019,"Mar",27,13,"Malveillance",NA
"La Chapelaude","3055",740000,2019,"Aug",31,13,"Accidentelle",NA
"Halsou","64255",100000,2019,"Mar",3,15,"Involontaire","particulier"
"Issor","64276",80000,2019,"Mar",3,14,"Involontaire","particulier"
"Bidarray","64124",950000,2019,"Mar",3,10,"Involontaire","particulier"
"Sare","64504",200000,2019,"Feb",16,18,"Involontaire","particulier"
"Saint-Étienne-de-Baïgorry","64477",190000,2019,"Feb",27,11,"Involontaire","travaux"
"Licq-Athérey","64342",100000,2019,"Feb",22,14,"Involontaire","travaux"
"Estérençuby","64218",50000,2019,"Feb",17,7,"Involontaire","travaux"
"Estérençuby","64218",50005,2019,"Feb",16,12,"Involontaire","travaux"
"Lacarry-Arhan-Charritte-de-Haut","64298",60000,2019,"Mar",3,17,"Malveillance",NA
"La Force","24222",60000,2019,"Apr",15,7,"Accidentelle",NA
"Jumilhac-le-Grand","24218",50000,2019,"Mar",24,16,"Accidentelle",NA
"Salles","33498",320000,2019,"Aug",4,14,"Naturelle",NA
"Salles","33498",50000,2019,"Aug",2,16,"Naturelle",NA
"Louchats","33251",150000,2019,"Apr",15,16,"Involontaire","travaux"
"Montesquieu","47186",50000,2019,"Jul",14,15,"Malveillance",NA
"Panossas","38294",79000,2019,"Jul",16,16,"Involontaire","travaux"
"Bénonces","1037",100000,2019,"Feb",28,16,"Involontaire","travaux"
"La Ville-aux-Clercs","41275",190000,2019,"Jul",4,15,"Involontaire","travaux"
"La Chapelle-Vicomtesse","41041",600000,2019,"Jul",17,16,"Involontaire","travaux"
"Sougé","41250",82000,2019,"Jul",22,15,"Involontaire","travaux"
"Couëtron-au-Perche","41248",80300,2019,"Jul",22,16,"Involontaire","travaux"
"Fontaine-Raoul","41088",201000,2019,"Jul",25,16,"Involontaire","travaux"
"Entrages","4074",99000,2019,"Mar",12,14,"Involontaire","travaux"
"Prévenchères","48119",72300,2019,"Mar",17,11,"Involontaire","travaux"
"Belvédère","6013",50000,2019,"Mar",26,0,"Malveillance",NA
"Darbres","7077",50000,2019,"Mar",24,10,"Involontaire","travaux"
"Aigues-Vives","34007",256785,2019,"Mar",29,11,"Involontaire","travaux"
"Rosis","34235",78396,2019,"Mar",29,14,"Malveillance",NA
"Tourrettes-sur-Loup","6148",734000,2019,"Jan",27,11,"Malveillance",NA
"Hyères","83069",116000,2019,"Jun",14,14,"Malveillance",NA
"Sartène","2A272",73800,2019,"Jun",14,10,"Accidentelle",NA
"Aghione","2B002",165000,2019,"Jun",25,10,"Malveillance",NA
"Dio-et-Valquières","34093",124100,2019,"Jun",29,12,"Malveillance",NA
"Calvi","2B050",150000,2019,"Jul",8,11,"Involontaire","particulier"
"Vitrolles","13117",80000,2019,"Jul",10,18,"Accidentelle",NA
"Vitrolles","13117",50000,2019,"Jul",10,18,"Accidentelle",NA
"Ampus","83003",380000,2019,"Jul",2,11,"Naturelle",NA
"Montferrat","83082",50000,2019,"Jul",5,15,"Involontaire","travaux"
"Céreste","4045",79700,2019,"Jul",13,16,"Malveillance",NA
"Villeveyrac","34341",55253,2019,"Jul",15,19,"Malveillance",NA
"Toulon","83137",100000,2019,"Jul",18,13,"Malveillance",NA
"Fabrègues","34095",622900,2019,"Jul",18,16,"Involontaire","particulier"
"Allemagne-en-Provence","4004",527700,2019,"Jul",25,13,"Involontaire","travaux"
"Loupian","34143",121109,2019,"Jul",26,17,"Involontaire","particulier"
"Poussan","34213",171261,2019,"Jul",30,21,"Malveillance",NA
"Fraissinet-de-Fourques","48065",139500,2019,"Feb",27,14,"Involontaire","travaux"
"Vialas","48194",114270,2019,"Jul",31,14,"Involontaire","travaux"
"Saint-Mandrier-sur-Mer","83153",175200,2019,"Jul",29,12,"Malveillance",NA
"Assignan","34015",122869,2019,"Aug",2,16,"Involontaire","travaux"
"Saint-Jean-de-la-Blaquière","34268",149615,2019,"Aug",8,11,"Malveillance",NA
"Rabouillet","66156",670000,2019,"Mar",6,12,"Involontaire","travaux"
"Lunel","34145",52989,2019,"Aug",2,16,"Involontaire","particulier"
"Marcoux","4113",287800,2019,"Aug",10,12,"Involontaire","particulier"
"Cavaillon","84035",130300,2019,"Jul",23,15,"Malveillance",NA
"Castello-di-Rostino","2B079",120000,2019,"Aug",14,11,"Malveillance",NA
"Castelnau-de-Guers","34056",85000,2019,"Aug",12,17,"Involontaire","travaux"
"La Roche-des-Arnauds","5123",70400,2019,"Aug",14,5,"Naturelle",NA
"Montblanc","34166",206119,2019,"Aug",3,15,"Involontaire","travaux"
"Conqueyrac","30093",74723,2019,"Aug",31,16,"Naturelle",NA
"Roquebrune-sur-Argens","83107",50000,2019,"Aug",19,14,"Involontaire","particulier"
"Salon-de-Provence","13103",82100,2019,"Aug",14,22,"Involontaire","particulier"
"Septèmes-les-Vallons","13106",104400,2019,"Sep",5,17,"Involontaire","particulier"
"Oletta","2B185",50000,2019,"Sep",8,12,"Malveillance",NA
"Pie-d'Orezza","2B222",100000,2019,"Feb",24,10,"Malveillance",NA
"Vendres","34329",55176,2019,"Sep",4,16,"Involontaire","travaux"
"Aumes","34017",252400,2019,"Sep",8,16,"Malveillance",NA
"Linguizzetta","2B143",219200,2019,"Sep",13,14,"Malveillance",NA
"Les Plans","34205",112742,2019,"Sep",4,14,"Accidentelle",NA
"Saint-Dizier-en-Diois","26300",57300,2019,"Feb",23,14,"Malveillance",NA
"Rosis","34235",189162,2019,"Sep",15,12,"Malveillance",NA
"Saint-Pargoire","34281",326900,2019,"Sep",5,17,"Malveillance",NA
"Erbajolo","2B105",71400,2019,"Sep",17,12,"Malveillance",NA
"Taussac-la-Billière","34308",52731,2019,"Sep",6,17,"Malveillance",NA
"Montesquieu","34168",111935,2019,"Sep",7,6,"Malveillance",NA
"Calcatoggio","2A048",83000,2019,"Sep",10,11,"Malveillance",NA
"Notre-Dame-de-la-Rouvière","30190",87701,2019,"Sep",5,13,"Malveillance",NA
"Cabrières","34045",57257,2019,"Sep",18,12,"Involontaire","particulier"
"Volpajola","2B355",566000,2019,"Oct",4,10,"Malveillance",NA
"Tolla","2A326",710000,2019,"Feb",23,19,"Involontaire","travaux"
"Sartène","2A272",208000,2019,"Oct",9,14,"Accidentelle",NA
"Passa","66134",50000,2019,"Apr",12,11,"Malveillance",NA
"Torreilles","66212",150000,2019,"May",30,13,"Malveillance",NA
"Sainte-Marie-la-Mer","66182",50000,2019,"May",30,15,"Malveillance",NA
"Le Pouget","34210",56401,2019,"Oct",6,17,"Accidentelle",NA
"Tautavel","66205",80000,2019,"Jul",5,14,"Malveillance",NA
"Pertuis","84089",212100,2019,"Sep",8,16,"Accidentelle",NA
"La Palud-sur-Verdon","4144",150600,2019,"Feb",28,17,"Involontaire","travaux"
"Saint-Pargoire","34281",388500,2019,"Sep",6,6,"Malveillance",NA
"Ponteilla","66145",50000,2019,"Jul",15,1,"Malveillance",NA
"Argelès-sur-Mer","66008",300000,2019,"Jul",15,13,"Malveillance",NA
"Villeneuve-de-la-Raho","66227",365000,2019,"Jul",15,13,"Malveillance",NA
"Saint-André","66168",100000,2019,"Jul",16,13,"Malveillance",NA
"Millas","66108",880000,2019,"Jul",16,14,"Involontaire","particulier"
"Villelongue-de-la-Salanque","66224",180000,2019,"Aug",14,17,"Malveillance",NA
"Gourdon","7098",70000,2019,"Feb",28,17,"Involontaire","travaux"
"Sisco","2B281",996300,2019,"Feb",23,13,"Malveillance",NA
"Ille-sur-Têt","66088",50000,2019,"Aug",22,12,"Involontaire","travaux"
"Banyuls-sur-Mer","66016",330000,2019,"Sep",5,5,"Malveillance",NA
"Gréolières","6070",80000,2019,"Jan",12,11,"Involontaire","particulier"
"Montbazin","34165",154537,2019,"Jun",5,14,"Malveillance",NA
"Senez","4204",197300,2019,"Mar",1,9,"Involontaire","travaux"
"Lantosque","6074",370000,2019,"Feb",25,12,"Malveillance",NA
"Valdeblore","6153",342100,2019,"Mar",4,15,"Malveillance",NA
"Lachapelle-Graillouse","7121",90000,2019,"Mar",4,15,"Malveillance",NA
"Villefort","48198",100000,2019,"Feb",13,15,"Involontaire","travaux"
"Pied-de-Borne","48015",85000,2019,"Feb",16,10,"Involontaire","travaux"
"Florac Trois Rivières","48061",57700,2019,"Feb",27,15,"Involontaire","travaux"
"Cans et Cévennes","48166",143500,2019,"Feb",28,15,"Involontaire","travaux"
"Saint-Julien-d'Arpaon","48162",220000,2019,"Feb",27,15,"Involontaire","travaux"
"Tiranges","43246",100000,2020,"Apr",15,12,"Involontaire","particulier"
"Montpezat-de-Quercy","82131",80000,2020,"Jul",13,14,"Accidentelle",NA
"Fère-en-Tardenois","2305",100000,2020,"Jul",27,16,"Accidentelle",NA
"Varen","82187",700000,2020,"Aug",10,14,"Accidentelle",NA
"Asquins","89021",370000,2020,"Jul",13,15,"Malveillance",NA
"Dun-sur-Grandry","58107",216242,2020,"Aug",27,18,"Involontaire","travaux"
"Concorès","46072",120000,2020,"Sep",10,16,"Involontaire","travaux"
"Présailles","43156",62000,2020,"Sep",18,13,"Accidentelle",NA
"Saint-Vérain","58270",75250,2020,"Sep",14,15,"Involontaire","travaux"
"Blannay","89044",50000,2020,"Sep",14,17,"Accidentelle",NA
"Toucy","89419",72000,2020,"Sep",15,17,"Involontaire","travaux"
"Saint-Angel","3217",250000,2020,"Aug",25,13,"Malveillance",NA
"Lurcy-Lévis","3155",55000,2020,"Sep",18,18,"Accidentelle",NA
"Sully-sur-Loire","45315",50500,2020,"Jul",7,16,"Involontaire","travaux"
"Cléry-Saint-André","45098",100000,2020,"Jul",27,13,"Involontaire","particulier"
"Fontainebleau","77186",50000,2020,"Aug",7,12,"Involontaire","particulier"
"Eymoutiers","87064",140000,2020,"Aug",11,21,"Accidentelle",NA
"La Possession","97408",108106,2020,"Oct",31,14,"Accidentelle",NA
"Villaudric","31581",200000,2020,"Aug",7,15,"Malveillance",NA
"Sainte-Eanne","79246",80000,2020,"Jul",30,17,"Accidentelle",NA
"Loubillé","79154",70000,2020,"Aug",4,11,"Involontaire","travaux"
"Champs-sur-Tarentaine-Marchal","15038",50000,2020,"Apr",11,15,"Involontaire","travaux"
"Vebret","15250",180000,2020,"Aug",6,12,"Involontaire","travaux"
"Saint-Pierre-de-Côle","24485",80000,2020,"Jul",14,17,"Accidentelle",NA
"Montpon-Ménestérol","24294",50000,2020,"Sep",3,14,"Malveillance",NA
"Assat","64067",71000,2020,"Sep",17,13,"Involontaire","travaux"
"Etsaut","64223",700000,2020,"Feb",24,14,"Involontaire","travaux"
"Viodos-Abense-de-Bas","64559",50000,2020,"Sep",18,13,"Malveillance",NA
"Seignosse","40296",60000,2020,"Aug",3,16,"Involontaire","particulier"
"Trensacq","40319",120000,2020,"Aug",16,12,"Accidentelle",NA
"Arengosse","40006",50000,2020,"Aug",12,15,"Naturelle",NA
"Callen","40060",84391,2020,"Aug",13,20,"Naturelle",NA
"Le Barp","33029",125500,2020,"Mar",1,15,"Naturelle",NA
"Hostens","33202",214300,2020,"Sep",7,15,"Accidentelle",NA
"Hostens","33202",362600,2020,"Sep",9,14,"Accidentelle",NA
"Le Barp","33029",212400,2020,"Sep",16,14,"Accidentelle",NA
"Laruscade","33233",60000,2020,"Sep",17,17,"Accidentelle",NA
"Hostens","33202",50000,2020,"Sep",18,5,"Malveillance",NA
"Molezon","48098",93400,2020,"Apr",15,12,"Involontaire","particulier"
"Santo-Pietro-di-Venaco","2B315",110000,2020,"Feb",2,11,"Malveillance",NA
"Aghione","2B002",898200,2020,"Jun",5,14,"Malveillance",NA
"Comps","30089",86050,2020,"Jul",5,9,"Accidentelle",NA
"Loupian","34143",135801,2020,"Jul",7,15,"Involontaire","particulier"
"Péret","34197",517100,2020,"Jul",8,14,"Malveillance",NA
"Castello-di-Rostino","2B079",322600,2020,"Jul",13,11,"Malveillance",NA
"Port-de-Bouc","13077",62000,2020,"Jun",26,11,"Involontaire","travaux"
"Quarante","34226",295700,2020,"Jul",14,15,"Accidentelle",NA
"Montfroc","26200",104200,2020,"Jul",21,12,"Malveillance",NA
"Poggio-Mezzana","2B242",196800,2020,"Feb",10,18,"Malveillance",NA
"Saint-Vallier-de-Thiey","6130",392700,2020,"Feb",11,6,"Accidentelle",NA
"Gréolières","6070",195400,2020,"Feb",11,11,"Accidentelle",NA
"La Souche","7315",200000,2020,"Feb",15,20,"Involontaire","travaux"
"Feliceto","2B112",194400,2020,"Aug",3,23,"Malveillance",NA
"Aumelas","34016",67959,2020,"Aug",6,15,"Malveillance",NA
"Pietracorbara","2B224",741300,2020,"Feb",10,14,"Malveillance",NA
"Gréoux-les-Bains","4094",74800,2020,"Aug",6,17,"Involontaire","travaux"
"Saint-Vincent-sur-Jabron","4199",351400,2020,"Aug",7,15,"Accidentelle",NA
"Loreto-di-Casinca","2B145",50000,2020,"Aug",8,6,"Malveillance",NA
"Olmo","2B192",200000,2020,"Feb",11,8,"Accidentelle",NA
"Mosset","66119",150000,2020,"Feb",24,12,"Involontaire","travaux"
"Béziers","34032",236085,2020,"Aug",14,17,"Malveillance",NA
"La Faurie","5055",628500,2020,"Aug",10,15,"Naturelle",NA
"Digne-les-Bains","4070",55900,2020,"Aug",24,15,"Malveillance",NA
"Espira-de-l'Agly","66069",50000,2020,"Mar",13,0,"Malveillance",NA
"Générargues","30129",130605,2020,"Jul",19,16,"Malveillance",NA
"Milhaud","30169",409541,2020,"Aug",1,15,"Malveillance",NA
"Val-d'Aigoual","30339",663168,2020,"Feb",24,15,"Involontaire","travaux"
"Ajaccio","2A004",100000,2020,"Aug",13,11,"Malveillance",NA
"Appietto","2A017",120000,2020,"Aug",13,16,"Involontaire","particulier"
"Ampus","83003",311000,2020,"Feb",19,11,"Involontaire","travaux"
"Bastelica","2A031",56038,2020,"Jan",12,15,"Involontaire","travaux"
"Sermano","2B275",121520,2020,"Sep",6,13,"Malveillance",NA
"Magalas","34147",56520,2020,"Sep",3,16,"Malveillance",NA
"Arrigas","30017",89533,2020,"Sep",4,13,"Involontaire","particulier"
"Rognac","13081",87400,2020,"Aug",5,16,"Involontaire","particulier"
"Port-de-Bouc","13077",832200,2020,"Aug",4,16,"Malveillance",NA
"Coudoux","13118",117300,2020,"Aug",3,18,"Involontaire","particulier"
"Aubagne","13005",91600,2020,"Aug",4,17,"Involontaire","travaux"
"Vitrolles","13117",313100,2020,"Aug",23,13,"Involontaire","particulier"
"Roquebrun","34232",69471,2020,"Sep",25,16,"Involontaire","particulier"
"Prévenchères","48119",180100,2020,"Sep",7,15,"Accidentelle",NA
"Val-d'Aigoual","30339",104450,2020,"Feb",23,13,"Involontaire","travaux"
"Cambia","2B051",50000,2020,"Oct",11,11,"Malveillance",NA
"Labeaume","7115",50000,2020,"Sep",18,14,"Involontaire","particulier"
"Ensuès-la-Redonne","13033",53600,2020,"Sep",19,19,"Involontaire","travaux"
"La Rochette","4170",58800,2020,"Feb",7,14,"Involontaire","travaux"
"Aubignosc","4013",92500,2020,"Nov",21,6,"Accidentelle",NA
"Le Barcarès","66017",100000,2020,"Jul",4,13,"Malveillance",NA
"Saint-Estève","66172",80000,2020,"Jul",7,10,"Involontaire","travaux"
"Estagel","66071",286300,2020,"Jul",10,16,"Malveillance",NA
"Laroque-des-Albères","66093",80000,2020,"Jul",17,16,"Malveillance",NA
"Saint-Hippolyte","66176",200000,2020,"Aug",3,19,"Involontaire","particulier"
"Céret","66049",50000,2020,"Aug",5,17,"Accidentelle",NA
"Calce","66030",110000,2020,"Aug",21,14,"Malveillance",NA
"Banyuls-dels-Aspres","66015",50000,2020,"Aug",23,0,"Malveillance",NA
"Carcheto-Brustico","2B063",250000,2020,"Feb",26,11,"Malveillance",NA
"Causses-et-Veyran","34061",79565,2020,"Nov",7,10,"Malveillance",NA
"Tavaco","2A323",70000,2020,"Nov",8,11,"Malveillance",NA
"Pont de Montvert - Sud Mont Lozère","48116",819600,2020,"Feb",23,17,"Malveillance",NA
"Saint-Privat-de-Vallongue","48178",77400,2020,"Mar",18,12,"Involontaire","particulier"
"Roquebillière","6103",95000,2020,"Mar",22,11,"Malveillance",NA
"Roquebillière","6103",112000,2020,"Mar",22,13,"Malveillance",NA
"Montendre","17240",150000,2021,"Apr",4,15,"Involontaire","travaux"
"Saint-Paul","97415",140594,2021,"Aug",3,17,"Malveillance",NA
"Saint-Hilaire-les-Places","87150",100000,2021,"Apr",3,16,"Accidentelle",NA
"Saint-Paul","97415",384400,2021,"Oct",2,7,"Malveillance",NA
"Saint-Sauveur-en-Puisaye","89368",50000,2021,"Apr",21,19,"Involontaire","travaux"
"Anzat-le-Luguet","63006",90000,2021,"Feb",25,13,"Involontaire","travaux"
"Anzat-le-Luguet","63006",80000,2021,"Mar",6,14,"Involontaire","travaux"
"Entraygues-sur-Truyère","12094",60000,2021,"Feb",22,1,"Accidentelle",NA
"Fondamente","12155",60000,2021,"Mar",30,15,"Involontaire","travaux"
"Mimizan","40184",600000,2021,"Aug",28,15,"Involontaire","particulier"
"Saint-Magne","33436",50000,2021,"Apr",19,15,"Malveillance",NA
"Saint-Aubin-de-Médoc","33376",50000,2021,"Aug",31,2,"Accidentelle",NA
"Pouzolles","34214",216018,2021,"Mar",21,10,"Involontaire","travaux"
"Brenas","34040",97834,2021,"Mar",24,12,"Involontaire","travaux"
"Villeveyrac","34341",221628,2021,"Mar",29,11,"Involontaire","travaux"
"Volpajola","2B355",489000,2021,"Mar",31,12,"Malveillance",NA
"Cruzy","34092",60755,2021,"Jan",17,12,"Malveillance",NA
"Tende","6163",420000,2021,"Apr",7,12,"Involontaire","travaux"
"Ispagnac","48075",62600,2021,"Apr",1,20,"Involontaire","travaux"
"Saint-Léger-de-Peyre","48168",75000,2021,"Apr",2,17,"Involontaire","travaux"
"Prévenchères","48119",114700,2021,"Apr",7,16,"Malveillance",NA
"Saint-Joseph-des-Bancs","7251",57000,2021,"Apr",1,10,"Involontaire","travaux"
"Monieux","84079",308100,2021,"Apr",7,14,"Involontaire","particulier"
"Prunet","7187",165000,2021,"Apr",8,12,"Involontaire","travaux"
"Molines-en-Queyras","5077",55000,2021,"May",8,15,"Involontaire","particulier"
"Volpajola","2B355",80000,2021,"May",17,10,"Malveillance",NA
"Pianello","2B213",50000,2021,"Jan",30,9,"Malveillance",NA
"Lespignan","34135",340439,2021,"May",30,12,"Involontaire","particulier"
"Poilhes","34206",560104,2021,"Jun",7,10,"Malveillance",NA
"Lespignan","34135",188475,2021,"Jun",7,12,"Malveillance",NA
"Auriol","13007",803300,2021,"Apr",6,16,"Involontaire","particulier"
"Espira-de-l'Agly","66069",100000,2021,"Apr",6,5,"Malveillance",NA
"Saint-Féliu-d'Avall","66174",70000,2021,"Jun",14,12,"Involontaire","travaux"
"Ajaccio","2A004",54000,2021,"Jun",25,15,"Involontaire","particulier"
"Port-Vendres","66148",329600,2021,"Jun",16,9,"Involontaire","travaux"
"Seillans","83124",70000,2021,"Jun",30,15,"Accidentelle",NA
"Lumio","2B150",52500,2021,"Jul",5,8,"Malveillance",NA
"Parignargues","30193",54503,2021,"Jul",9,15,"Involontaire","travaux"
"Oletta","2B185",105050,2021,"Jul",14,13,"Malveillance",NA
"Vence","6157",89000,2021,"Jul",14,12,"Involontaire","particulier"
"Alata","2A006",70000,2021,"Jul",9,18,"Malveillance",NA
"Olmi-Cappella","2B190",65000,2021,"Feb",26,14,"Malveillance",NA
"Néfiach","66121",963400,2021,"Jul",18,15,"Involontaire","particulier"
"Baho","66012",304530,2021,"Jul",19,13,"Involontaire","travaux"
"Cerbère","66048",99300,2021,"Jul",31,16,"Involontaire","particulier"
"Vendémian","34328",69781,2021,"Aug",1,13,"Malveillance",NA
"Linguizzetta","2B143",100000,2021,"Aug",7,13,"Malveillance",NA
"Nébian","34180",134100,2021,"Aug",2,14,"Malveillance",NA
"Aigues-Vives","34007",67160,2021,"Aug",16,19,"Involontaire","particulier"
"Aumes","34017",143957,2021,"Aug",18,12,"Malveillance",NA
"Nissan-lez-Enserune","34183",464040,2021,"Aug",18,13,"Involontaire","particulier"
"Appietto","2A017",357000,2021,"Jul",29,17,"Malveillance",NA
"Peri","2A209",78000,2021,"Aug",3,15,"Malveillance",NA
"Salses-le-Château","66190",170000,2021,"Aug",20,15,"Malveillance",NA
"Tautavel","66205",902900,2021,"Aug",26,12,"Involontaire","particulier"
"Isola","6073",98000,2021,"Aug",26,12,"Naturelle",NA
"Ispagnac","48075",154800,2021,"Aug",27,17,"Malveillance",NA
"Martigues","13056",59000,2021,"Jul",16,16,"Involontaire","particulier"
"Pioggiola","2B235",100000,2021,"Mar",13,17,"Malveillance",NA
"Vallecalle","2B333",170000,2021,"Mar",14,8,"Malveillance",NA
"Linguizzetta","2B143",334500,2021,"Sep",7,14,"Malveillance",NA
"Saint-Jean-de-la-Blaquière","34268",153388,2021,"Aug",19,12,"Malveillance",NA
"Cabrières","34045",278905,2021,"Aug",24,12,"Malveillance",NA
"Poussan","34213",61647,2021,"Aug",26,11,"Malveillance",NA
"Le Bosc","34036",113183,2021,"Aug",28,12,"Malveillance",NA
"Alénya","66002",75000,2021,"Aug",28,19,"Malveillance",NA
"Vias","34332",70550,2021,"Sep",27,15,"Involontaire","particulier"
"Alata","2A006",157305,2021,"Oct",10,12,"Involontaire","particulier"
"Dio-et-Valquières","34093",72005,2021,"Oct",12,18,"Involontaire","travaux"
"Lespignan","34135",378600,2021,"Oct",28,13,"Malveillance",NA
"Octon","34186",68072,2021,"Oct",10,12,"Malveillance",NA
"Castelnau-de-Guers","34056",80994,2021,"Oct",13,18,"Malveillance",NA
"Montbazin","34165",445051,2021,"Aug",16,5,"Malveillance",NA
"Murviel-lès-Béziers","34178",54906,2021,"Mar",11,14,"Malveillance",NA
"Palneca","2A200",184200,2021,"Oct",23,16,"Malveillance",NA
"Soveria","2B289",106000,2021,"Oct",25,15,"Malveillance",NA
"Castello-di-Rostino","2B079",70000,2021,"Oct",26,15,"Malveillance",NA
"Venzolasca","2B343",80000,2021,"Dec",19,11,"Malveillance",NA
"Lunas","34144",77012,2021,"Mar",13,17,"Involontaire","travaux"
"Jou-sous-Monjou","15081",50000,2022,"Jan",24,18,"Involontaire","travaux"
"Chaudes-Aigues","15045",150000,2022,"Feb",10,16,"Involontaire","travaux"
"Santenay","21582",75000,2022,"Mar",9,15,"Involontaire","travaux"
"Cabrerets","46040",200000,2022,"Mar",23,12,"Accidentelle",NA
"Saint-Beauzile","81243",849600,2022,"Jun",18,12,"Involontaire","travaux"
"Viviers-lès-Montagnes","81325",122000,2022,"Jun",18,19,"Involontaire","travaux"
"Crespinet","81073",500000,2022,"Jun",19,14,"Accidentelle",NA
"Lieutadès","15106",250000,2022,"May",12,14,"Involontaire","particulier"
"La Ville-aux-Clercs","41275",300000,2022,"Jun",18,12,"Involontaire","travaux"
"Donzy","58102",60000,2022,"Jul",9,20,"Involontaire","particulier"
"Varzy","58304",50100,2022,"Jul",11,16,"Involontaire","particulier"
"Cras","46079",90000,2022,"Jul",10,17,"Involontaire","particulier"
"Hagéville","54244",120000,2022,"Jul",19,12,"Involontaire","travaux"
"Belleserre","81027",110000,2022,"Jul",30,17,"Malveillance",NA
"Le Puy-en-Velay","43157",98500,2022,"Aug",12,17,"Naturelle",NA
"Diarville","54156",60500,2022,"Aug",12,13,"Accidentelle",NA
"Boisset-Saint-Priest","42021",200000,2022,"Jun",17,13,"Involontaire","travaux"
"Paimpont","35211",100000,2022,"Jul",18,10,"Involontaire","particulier"
"Donzy","58102",260000,2022,"Aug",10,13,"Involontaire","particulier"
"Le Crocq","60182",500000,2022,"Jul",19,14,"Involontaire","travaux"
"Chirongui","97606",70000,2022,"Nov",6,0,"Involontaire","travaux"
"Bandrele","97603",50000,2022,"Oct",23,0,"Involontaire","travaux"
"Écaquelon","27209",800000,2022,"Aug",10,13,"Accidentelle",NA
"Les Trois-Bassins","97423",55342,2022,"Dec",19,8,"Malveillance",NA
"Saint-Philibert","56233",50000,2022,"Aug",6,13,"Involontaire","particulier"
"Erdeven","56054",340000,2022,"Aug",6,16,"Malveillance",NA
"Meucon","56132",150000,2022,"Aug",7,3,"Malveillance",NA
"Marzan","56126",200000,2022,"Aug",8,11,"Involontaire","travaux"
"Saint-Lambert-sur-Dive","61413",100000,2022,"Sep",19,15,"Malveillance",NA
"Condé-sur-Sarthe","61117",200000,2022,"Sep",4,13,"Malveillance",NA
"Soligny-la-Trappe","61475",600000,2022,"Aug",27,15,"Malveillance",NA
"Saint-Nicolas-de-Sommaire","61435",100000,2022,"Aug",25,15,"Malveillance",NA
"Longny les Villages","61230",150000,2022,"Aug",25,12,"Malveillance",NA
"Le Renouard","61346",350000,2022,"Aug",24,14,"Malveillance",NA
"Saint-Germain-du-Corbéis","61397",150000,2022,"Aug",23,14,"Malveillance",NA
"Tournai-sur-Dive","61490",110000,2022,"Aug",12,15,"Malveillance",NA
"Bellou-en-Houlme","61040",50000,2022,"Aug",12,13,"Malveillance",NA
"Le Pin-la-Garenne","61329",200000,2022,"Aug",12,11,"Malveillance",NA
"Domfront en Poiraie","61145",100000,2022,"Aug",11,13,"Malveillance",NA
"Sainte-Honorine-la-Chardonne","61407",100000,2022,"Aug",10,17,"Malveillance",NA
"Barville","61026",160000,2022,"Aug",10,14,"Malveillance",NA
"Ménil-Erreux","61263",50000,2022,"Aug",10,12,"Malveillance",NA
"L'Hôme-Chamondot","61206",50000,2022,"Aug",9,18,"Malveillance",NA
"Avoine","61020",100000,2022,"Aug",8,10,"Malveillance",NA
"Chandai","61092",205000,2022,"Aug",7,13,"Malveillance",NA
"Sap-en-Auge","61460",200000,2022,"Aug",5,18,"Malveillance",NA
"Saint-Pierre-du-Regard","61447",200000,2022,"Jul",30,18,"Malveillance",NA
"Bellavilliers","61037",200000,2022,"Jul",30,14,"Malveillance",NA
"Bretoncelles","61061",150000,2022,"Jul",27,13,"Malveillance",NA
"Longny les Villages","61230",1000000,2022,"Jul",26,19,"Malveillance",NA
"Saint-Mard-de-Réno","61418",100000,2022,"Jul",26,17,"Malveillance",NA
"Charencey","61429",100000,2022,"Jul",26,14,"Malveillance",NA
"Saint-Ouen-sur-Iton","61440",100000,2022,"Jul",25,18,"Malveillance",NA
"Bures","61067",400000,2022,"Jul",24,21,"Malveillance",NA
"Saint-Ouen-sur-Iton","61440",100000,2022,"Jul",21,19,"Malveillance",NA
"Le Sap-André","61461",80000,2022,"Jul",19,15,"Malveillance",NA
"Macé","61240",100000,2022,"Jul",19,14,"Malveillance",NA
"Banvou","61024",100000,2022,"Jul",19,14,"Malveillance",NA
"Bures","61067",50000,2022,"Jul",19,0,"Malveillance",NA
"Tinchebray-Bocage","61486",350000,2022,"Jul",18,19,"Malveillance",NA
"Faverolles","61158",400000,2022,"Jul",18,12,"Malveillance",NA
"Domfront en Poiraie","61145",50000,2022,"Jul",17,15,"Malveillance",NA
"Cour-Maugis sur Huisne","61050",100000,2022,"Jul",17,15,"Malveillance",NA
"Mantilly","61248",50000,2022,"Jul",16,19,"Malveillance",NA
"Perche en Nocé","61309",60000,2022,"Jul",15,14,"Malveillance",NA
"Saint-Mars-d'Égrenne","61421",100000,2022,"Jul",15,14,"Malveillance",NA
"Boischampré","61375",400000,2022,"Jul",12,11,"Malveillance",NA
"Chailloué","61081",100000,2022,"Jul",11,15,"Malveillance",NA
"Saint-Symphorien-des-Bruyères","61457",150000,2022,"Jul",8,17,"Malveillance",NA
"Saint-Pierre-d'Entremont","61445",300000,2022,"Jul",8,17,"Malveillance",NA
"Cour-Maugis sur Huisne","61050",250000,2022,"Jun",14,16,"Malveillance",NA
"La Gonfrière","61193",300000,2022,"Jun",12,18,"Malveillance",NA
"Lonrai","61234",200000,2022,"Jun",12,15,"Malveillance",NA
"Almenêches","61002",100000,2022,"Jun",12,15,"Malveillance",NA
"Mahéru","61244",50000,2022,"Mar",25,17,"Malveillance",NA
"Saint-Georges-de-Luzençon","12225",62000,2022,"Mar",28,13,"Accidentelle",NA
"Verrières","12291",155000,2022,"Jun",15,15,"Involontaire","travaux"
"Vif","38545",165800,2022,"Aug",11,14,"Malveillance",NA
"Murasson","12163",307000,2022,"Jun",19,17,"Accidentelle",NA
"Les Albres","12003",64400,2022,"Aug",8,13,"Malveillance",NA
"Broquiès","12037",60000,2022,"Sep",22,15,"Accidentelle",NA
"Vaujany","38527",150000,2022,"Jun",18,18,"Naturelle",NA
"Luz-Saint-Sauveur","65295",400000,2022,"Feb",8,14,"Malveillance",NA
"Ensigné","79111",311000,2022,"Jun",15,13,"Involontaire","travaux"
"Nueil-les-Aubiers","79195",129000,2022,"Jun",27,15,"Involontaire","travaux"
"Assais-les-Jumeaux","79016",129000,2022,"Jul",10,12,"Involontaire","travaux"
"Boussès","47039",228000,2022,"Jul",19,21,"Naturelle",NA
"La Roche-Chalais","24354",597000,2022,"Aug",7,17,"Malveillance",NA
"Molières","24273",122000,2022,"Aug",9,13,"Accidentelle",NA
"Eygurande-et-Gardedeuil","24165",50000,2022,"Aug",4,18,"Malveillance",NA
"Eygurande-et-Gardedeuil","24165",80000,2022,"Aug",7,18,"Malveillance",NA
"Bourriot-Bergonce","40053",60000,2022,"Mar",26,15,"Involontaire","particulier"
"Sanguinet","40287",169660,2022,"Aug",16,15,"Naturelle",NA
"Sore","40307",168180,2022,"Aug",12,19,"Accidentelle",NA
"Laluque","40142",258000,2022,"Oct",20,14,"Accidentelle",NA
"Luxey","40167",184110,2022,"Sep",6,17,"Naturelle",NA
"Laluque","40142",326000,2022,"Aug",2,14,"Involontaire","travaux"
"Créon-d'Armagnac","40087",85990,2022,"Aug",25,17,"Naturelle",NA
"Herm","40123",459000,2022,"Sep",12,15,"Accidentelle",NA
"Parentis-en-Born","40217",118000,2022,"Jul",5,16,"Naturelle",NA
"Garlin","64233",100000,2022,"Sep",14,16,"Involontaire","travaux"
"Esquiule","64217",150000,2022,"Oct",28,19,"Malveillance",NA
"Auros","33021",105000,2022,"May",11,17,"Accidentelle",NA
"Queyrac","33348",194000,2022,"Aug",6,19,"Malveillance",NA
"Le Verdon-sur-Mer","33544",50000,2022,"Aug",10,6,"Malveillance",NA
"Le Pian-Médoc","33322",50000,2022,"Jul",17,3,"Malveillance",NA
"Romilly","41193",80000,2022,"Jul",11,14,"Involontaire","travaux"
"Romilly","41193",80000,2022,"Jul",11,14,"Involontaire","travaux"
"Coussay-les-Bois","86086",51500,2022,"Jul",18,19,"Involontaire","travaux"
"Pero-Casevecchie","2B210",70000,2022,"Jan",12,9,"Malveillance",NA
"Sablières","7202",214923,2022,"Jan",20,17,"Involontaire","particulier"
"Isolaccio-di-Fiumorbo","2B135",50000,2022,"Jan",29,13,"Malveillance",NA
"Albertacce","2B007",493700,2022,"Feb",1,15,"Involontaire","travaux"
"Penta-di-Casinca","2B207",222400,2022,"Feb",1,15,"Malveillance",NA
"Corscia","2B095",321000,2022,"Feb",11,14,"Malveillance",NA
"Mérifons","34156",82618,2022,"Jan",23,11,"Involontaire","travaux"
"Saint-Nazaire-de-Ladarez","34279",63576,2022,"Mar",24,17,"Malveillance",NA
"Pioggiola","2B235",350000,2022,"Feb",24,14,"Malveillance",NA
"Speloncato","2B290",80000,2022,"Feb",26,11,"Malveillance",NA
"Loreto-di-Casinca","2B145",190000,2022,"Feb",26,14,"Malveillance",NA
"Ancelle","5004",339545,2022,"Mar",24,10,"Malveillance",NA
"La Motte-en-Champsaur","5090",446427,2022,"Mar",26,14,"Malveillance",NA
"Genestelle","7093",170980,2022,"Jan",26,12,"Involontaire","particulier"
"Speloncato","2B290",112000,2022,"Mar",12,10,"Malveillance",NA
"Pietralba","2B223",56000,2022,"Mar",24,9,"Malveillance",NA
"Valdeblore","6153",396400,2022,"Mar",24,10,"Involontaire","travaux"
"Barcelonnette","4019",350000,2022,"Mar",26,14,"Involontaire","particulier"
"La Rochette","4170",867100,2022,"Apr",8,13,"Malveillance",NA
"Aubagne","13005",120000,2022,"Mar",26,15,"Involontaire","particulier"
"Sumène","30325",190184,2022,"Apr",14,14,"Accidentelle",NA
"Comps-sur-Artuby","83044",273000,2022,"Apr",9,16,"Involontaire","particulier"
"Banon","4018",59700,2022,"Apr",18,12,"Involontaire","particulier"
"Forciolo","2A117",73000,2022,"Mar",25,18,"Involontaire","travaux"
"Bastelica","2A031",77000,2022,"Apr",13,12,"Involontaire","travaux"
"Pouzolles","34214",97231,2022,"Jan",28,16,"Involontaire","travaux"
"Prévenchères","48119",80000,2022,"Jan",26,15,"Involontaire","travaux"
"Pont de Montvert - Sud Mont Lozère","48116",200000,2022,"Jan",27,14,"Involontaire","travaux"
"Opoul-Périllos","66127",80000,2022,"May",18,13,"Involontaire","travaux"
"Cagnano","2B046",339800,2022,"Apr",12,12,"Malveillance",NA
"Olcani","2B184",96300,2022,"Apr",16,16,"Malveillance",NA
"Canari","2B058",239000,2022,"Apr",18,13,"Malveillance",NA
"San-Gavino-di-Tenda","2B301",116000,2022,"Apr",18,14,"Malveillance",NA
"Vitrolles","13117",70000,2022,"Jun",9,14,"Malveillance",NA
"Grans","13044",50000,2022,"Jun",9,16,"Involontaire","particulier"
"Baixas","66014",293800,2022,"Jun",12,14,"Malveillance",NA
"Blauzac","30041",179700,2022,"Jun",13,15,"Involontaire","particulier"
"Lédenon","30145",376800,2022,"Jun",13,14,"Accidentelle",NA
"Orgon","13067",99900,2022,"Jun",15,13,"Involontaire","particulier"
"Saint-Denis-en-Margeride","48145",60000,2022,"Mar",1,11,"Involontaire","travaux"
"Chirac","48049",50000,2022,"Mar",6,19,"Involontaire","travaux"
"Chasseradès","48040",60000,2022,"Mar",7,19,"Involontaire","particulier"
"Guzargues","34118",329248,2022,"Jun",17,15,"Accidentelle",NA
"Saint-Jean-de-la-Blaquière","34268",146953,2022,"Jun",17,16,"Malveillance",NA
"Laroque-des-Albères","66093",101000,2022,"Jun",23,14,"Malveillance",NA
"Grignan","26146",363463,2022,"Jun",18,11,"Malveillance",NA
"Saint-Barthélemy-de-Vals","26295",110000,2022,"Jun",19,13,"Malveillance",NA
"Santo-Pietro-di-Tenda","2B314",350000,2022,"Jun",7,14,"Involontaire","travaux"
"Vivario","2B354",261600,2022,"Jun",8,23,"Malveillance",NA
"Ghisonaccia","2B123",57000,2022,"Jun",10,18,"Malveillance",NA
"Barbaggio","2B029",53000,2022,"Jun",12,11,"Malveillance",NA
"Linguizzetta","2B143",730000,2022,"Jun",13,12,"Involontaire","particulier"
"Ghisonaccia","2B123",235900,2022,"Jun",21,11,"Involontaire","travaux"
"Aléria","2B009",300000,2022,"Jun",24,12,"Involontaire","travaux"
"Venaco","2B341",50000,2022,"Jun",23,1,"Malveillance",NA
"Ville-di-Paraso","2B352",81000,2022,"Jun",26,13,"Malveillance",NA
"Seillans","83124",150000,2022,"Jun",11,12,"Involontaire","travaux"
"Serviers-et-Labaume","30319",772400,2022,"Jun",13,15,"Involontaire","travaux"
"Rivesaltes","66164",55000,2022,"Jun",28,11,"Malveillance",NA
"Cases-de-Pène","66041",66300,2022,"Jun",28,18,"Malveillance",NA
"Millas","66108",661500,2022,"Jun",29,15,"Malveillance",NA
"Milhaud","30169",138303,2022,"Jul",8,0,"Accidentelle",NA
"Saussan","34295",121971,2022,"Jul",1,16,"Malveillance",NA
"Saint-Pons-de-Mauchiens","34285",116264,2022,"Jul",5,18,"Malveillance",NA
"Boucieu-le-Roi","7040",65000,2022,"Jun",20,17,"Accidentelle",NA
"Gorges du Tarn Causses","48146",370000,2022,"Jul",19,13,"Involontaire","travaux"
"Bédouès","48022",120000,2022,"Jul",20,16,"Involontaire","travaux"
"48022","4179",210000,2022,"Jul",19,16,"Naturelle",NA
"Castello-di-Rostino","2B079",148000,2022,"Jul",24,14,"Malveillance",NA
"Venaco","2B341",300900,2022,"Jul",28,13,"Malveillance",NA
"Albertacce","2B007",219000,2022,"Jul",28,16,"Malveillance",NA
"Santo-Pietro-di-Tenda","2B314",300000,2022,"Aug",1,8,"Malveillance",NA
"Vendres","34329",138560,2022,"Jul",26,18,"Malveillance",NA
"Puéchabon","34221",154863,2022,"Jul",26,21,"Malveillance",NA
"Les Rives","34230",291900,2022,"Jul",28,13,"Naturelle",NA
"Montagnac","34162",130122,2022,"Aug",2,15,"Malveillance",NA
"Lucéram","6077",63000,2022,"Jul",31,17,"Accidentelle",NA
"Saint-Étienne-Vallée-Française","48148",150000,2022,"Aug",2,17,"Accidentelle",NA
"Serdinya","66193",973700,2022,"Jul",23,14,"Involontaire","particulier"
"Vallon-Pont-d'Arc","7330",732400,2022,"Jul",18,14,"Malveillance",NA
"Laurac-en-Vivarais","7134",713800,2022,"Jul",22,16,"Malveillance",NA
"Darbres","7077",180000,2022,"Jul",27,10,"Malveillance",NA
"Mazaugues","83076",343300,2022,"Jul",31,13,"Involontaire","travaux"
"Tresserre","66214",50000,2022,"Jul",30,21,"Accidentelle",NA
"Vacquières","34318",321000,2022,"Aug",6,15,"Involontaire","particulier"
"Faucon-de-Barcelonnette","4086",97000,2022,"Feb",8,11,"Involontaire","particulier"
"Sisteron","4209",62300,2022,"Feb",9,14,"Involontaire","particulier"
"Les Bondons","48028",290000,2022,"Aug",5,18,"Naturelle",NA
"Cournonsec","34087",69233,2022,"Jul",10,11,"Involontaire","particulier"
"Portiragnes","34209",115995,2022,"Jul",20,11,"Involontaire","travaux"
"Pied-de-Borne","48015",100000,2022,"Aug",12,17,"Accidentelle",NA
"Amirat","6002",120000,2022,"Aug",6,17,"Naturelle",NA
"Cozzano","2A099",51000,2022,"Aug",7,16,"Naturelle",NA
"Empurany","7085",121000,2022,"Aug",10,14,"Accidentelle",NA
"Lamastre","7129",105000,2022,"Aug",13,11,"Malveillance",NA
"Saint-Quentin-la-Poterie","30295",512700,2022,"Jul",24,16,"Malveillance",NA
"Rosis","34235",71168,2022,"Aug",7,16,"Malveillance",NA
"Avène","34019",362900,2022,"Aug",7,16,"Accidentelle",NA
"Pia","66141",58000,2022,"Aug",7,14,"Malveillance",NA
"Velaux","13112",95400,2022,"Jul",3,16,"Involontaire","particulier"
"Martigues","13056",83100,2022,"Jul",8,16,"Involontaire","particulier"
"Saint-Mitre-les-Remparts","13098",248600,2022,"Jul",8,2,"Malveillance",NA
"Septèmes-les-Vallons","13106",349990,2022,"Jul",31,16,"Accidentelle",NA
"Cabriès","13019",50000,2022,"Aug",2,16,"Accidentelle",NA
"Saint-Martin-de-Crau","13097",948280,2022,"Aug",22,15,"Malveillance",NA
"Castellane","4039",289400,2022,"Feb",10,15,"Involontaire","particulier"
"Montpezat-sous-Bauzon","7161",248000,2022,"Aug",28,0,"Malveillance",NA
"Beaulieu","7028",80000,2022,"Sep",1,11,"Naturelle",NA
"Bédouès-Cocurès","48050",60000,2022,"Sep",18,15,"Accidentelle",NA
"Comigne","11095",285519,2022,"Aug",29,12,"Involontaire","particulier"
"Tende","6163",68800,2022,"Sep",19,11,"Involontaire","travaux"
"Roquebrune-Cap-Martin","6104",71000,2022,"Sep",9,23,"Involontaire","travaux"
"Oletta","2B185",80000,2022,"Oct",5,14,"Malveillance",NA
"Caudiès-de-Fenouillèdes","66046",811900,2022,"Aug",15,2,"Malveillance",NA
"Port-Vendres","66148",64000,2022,"Sep",3,2,"Accidentelle",NA
"Sant'Andréa-di-Bozio","2B292",55000,2022,"Oct",22,13,"Malveillance",NA
"Sant'Andréa-di-Bozio","2B292",102070,2022,"Oct",24,12,"Malveillance",NA
"Campitello","2B055",177900,2022,"Oct",28,15,"Malveillance",NA
"Venterol","26367",200000,2022,"Jul",18,16,"Malveillance",NA
"Fabrezan","11132",54800,2022,"Nov",20,14,"Involontaire","travaux"
"La Souche","7315",50000,2022,"Jan",16,16,"Involontaire","particulier"
"Piolenc","84091",264600,2022,"Jul",1,14,"Involontaire","particulier"
"Vallabrix","30337",54745,2022,"Jul",24,17,"Accidentelle",NA
"Bastelica","2A031",50000,2022,"Jan",30,16,"Involontaire","travaux"
"Le Fugeret","4090",221200,2022,"Jan",16,13,"Involontaire","travaux"
"Colmars","4061",105700,2022,"Jan",17,11,"Involontaire","particulier"
"Aullène","2A024",387700,2022,"Feb",24,17,"Malveillance",NA
"Valdeblore","6153",70000,2022,"Feb",26,14,"Involontaire","particulier"
"Saint-Clément","7226",94600,2022,"Feb",18,16,"Involontaire","particulier"
"Le Roux","7200",134800,2022,"Feb",26,16,"Involontaire","particulier"
"La Hague","50041",390000,2022,"Jul",17,2,"Malveillance",NA
"La Hague","50041",60000,2022,"Jul",17,23,"Malveillance",NA
